http://mathprofi.ru/,saity_po_matematike.html,http://mathprofi.com/blog/dostupnye_knigi_po_vysshey_matematike.html,matematika_dlya_chainikov.html,zakazat_kontrolnuju_po_matematike.html,
matematika_dlya_chainikov.html,lekcii_po_vysshei_matematike.html,zakazat_kontrolnuju_po_matematike.html,index.html,http://mathprofi.com/messages/99-Uchebnyi-kurs-Kak-bystro-osvoit-MS-Excel.html,grafiki_i_svoistva_funkcij.html,matematicheskie_formuly.html,mnozhestva.html,uravnenija_v_vysshei_matematike.html,vektory_dlya_chainikov.html,predely_primery_reshenii.html,kak_naiti_proizvodnuju.html,grafiki_i_svoistva_funkcij.html,lekcii_po_vysshei_matematike.html,http://mathprofi.ru/scripts/call.html,
vektory_dlya_chainikov.html,lekcii_po_vysshei_matematike.html,skachat_primery_po_vysshei_matematike.html,skaljarnoe_proizvedenie_vektorov.html,linejnaja_nezavisimost_vektorov_bazis_vektorov.html,vektornoe_proizvedenie_vektorov_smeshannoe_proizvedenie.html,delenie_otrezka_v_dannom_otnoshenii.html,uravnenie_pryamoi_na_ploskosti.html,zadachi_s_pryamoi_na_ploskosti.html,kak_nauchitsa_reshat_zadachi_po_geometrii.html,uravnenie_ploskosti.html,uravnenija_pryamoi_v_prostranstve.html,zadachi_s_pryamoi_i_ploskostju.html,teoriya_polya.html,linejnaja_nezavisimost_vektorov_bazis_vektorov.html,grafiki_i_svoistva_funkcij.html,linejnaja_nezavisimost_vektorov_bazis_vektorov.html,skaljarnoe_proizvedenie_vektorov.html,linejnaja_nezavisimost_vektorov_bazis_vektorov.html,vektornoe_proizvedenie_vektorov_smeshannoe_proizvedenie.html,http://mathprofi.ru/scripts/call.html,
skaljarnoe_proizvedenie_vektorov.html,lekcii_po_vysshei_matematike.html,vektory_dlya_chainikov.html,vektornoe_proizvedenie_vektorov_smeshannoe_proizvedenie.html,vektornoe_proizvedenie_vektorov_smeshannoe_proizvedenie.html,grafiki_i_svoistva_funkcij.html,osnovy_matematicheskoj_logiki.html,deistviya_s_matricami.html,vektornoe_proizvedenie_vektorov_smeshannoe_proizvedenie.html,vektory_dlya_chainikov.html,kompleksnye_chisla_dlya_chainikov.html,integraly_ot_drobno_racionalnoj_funkcii.html,vektory_dlya_chainikov.html,vektory_dlya_chainikov.html,uravnenie_ploskosti.html,linejnaja_nezavisimost_vektorov_bazis_vektorov.html,vektornoe_proizvedenie_vektorov_smeshannoe_proizvedenie.html,http://mathprofi.ru/scripts/call.html,
linejnaja_nezavisimost_vektorov_bazis_vektorov.html,lekcii_po_vysshei_matematike.html,linejnye_preobrazovanija.html,linejnye_preobrazovanija.html,mnozhestva.html,vektory_dlya_chainikov.html,kak_vychislit_opredelitel.html,vektory_dlya_chainikov.html,osnovy_matematicheskoj_logiki.html,mnozhestva.html,vektory_dlya_chainikov.html,vektory_dlya_chainikov.html,skaljarnoe_proizvedenie_vektorov.html,delenie_otrezka_v_dannom_otnoshenii.html,poljarnye_koordinaty.html,slu_nesovmestnye_sistemy_i_sistemy_s_obshim_resheniem.html,kak_vychislit_opredelitel.html,skaljarnoe_proizvedenie_vektorov.html,osnovy_matematicheskoj_logiki.html,vektornoe_proizvedenie_vektorov_smeshannoe_proizvedenie.html,svoistva_opredelitelya_ponizhenie_poryadka_opredelitelya.html,kak_vychislit_opredelitel.html,perehod_k_novomu_bazisu.html,pravilo_kramera_matrichnyi_metod.html,perehod_k_novomu_bazisu.html,pravilo_kramera_matrichnyi_metod.html,linejnye_preobrazovanija.html,linejnye_preobrazovanija.html,chastnye_proizvodnye_funkcii_treh_peremennyh.html,http://mathprofi.ru/scripts/call.html,
perehod_k_novomu_bazisu.html,lekcii_po_vysshei_matematike.html,vektory_dlya_chainikov.html,vektory_dlya_chainikov.html,deistviya_s_matricami.html,linejnaja_nezavisimost_vektorov_bazis_vektorov.html,linejnaja_nezavisimost_vektorov_bazis_vektorov.html,vektory_dlya_chainikov.html,deistviya_s_matricami.html,opredelenie_proizvodnoi_smysl_proizvodnoi.html,matrichnye_uravneniya_primery_reshenij.html,deistviya_s_matricami.html,matrichnye_uravneniya_primery_reshenij.html,kak_naiti_obratnuyu_matricu.html,linejnaja_nezavisimost_vektorov_bazis_vektorov.html,kak_vychislit_opredelitel.html,linejnye_preobrazovanija.html,linejnaja_nezavisimost_vektorov_bazis_vektorov.html,mnozhestva.html,linejnye_preobrazovanija.html,vektory_dlya_chainikov.html,vektory_dlya_chainikov.html,linejnaja_nezavisimost_vektorov_bazis_vektorov.html,matrichnye_uravneniya_primery_reshenij.html,kak_vychislit_opredelitel.html,vektornoe_proizvedenie_vektorov_smeshannoe_proizvedenie.html,kak_privesti_uravnenie_linii_2_poryadka_k_kanonicheskomu_vidu.html,linejnaja_nezavisimost_vektorov_bazis_vektorov.html,linejnye_preobrazovanija.html,linejnaja_nezavisimost_vektorov_bazis_vektorov.html,pravilo_kramera_matrichnyi_metod.html,http://mathprofi.ru/scripts/call.html,
vektornoe_proizvedenie_vektorov_smeshannoe_proizvedenie.html,lekcii_po_vysshei_matematike.html,skaljarnoe_proizvedenie_vektorov.html,skaljarnoe_proizvedenie_vektorov.html,vektory_dlya_chainikov.html,skaljarnoe_proizvedenie_vektorov.html,linejnaja_nezavisimost_vektorov_bazis_vektorov.html,perehod_k_novomu_bazisu.html,skaljarnoe_proizvedenie_vektorov.html,linejnaja_nezavisimost_vektorov_bazis_vektorov.html,svoistva_opredelitelya_ponizhenie_poryadka_opredelitelya.html,kak_vychislit_opredelitel.html,skaljarnoe_proizvedenie_vektorov.html,vektory_dlya_chainikov.html,linejnaja_nezavisimost_vektorov_bazis_vektorov.html,linejnaja_nezavisimost_vektorov_bazis_vektorov.html,treugolnaya_piramida.html,svoistva_opredelitelya_ponizhenie_poryadka_opredelitelya.html,svoistva_opredelitelya_ponizhenie_poryadka_opredelitelya.html,linejnaja_nezavisimost_vektorov_bazis_vektorov.html,http://mathprofi.ru/scripts/call.html,
delenie_otrezka_v_dannom_otnoshenii.html,lekcii_po_vysshei_matematike.html,vektory_dlya_chainikov.html,skaljarnoe_proizvedenie_vektorov.html,linejnaja_nezavisimost_vektorov_bazis_vektorov.html,vektornoe_proizvedenie_vektorov_smeshannoe_proizvedenie.html,linejnaja_nezavisimost_vektorov_bazis_vektorov.html,http://mathprofi.ru/scripts/call.html,
uravnenie_pryamoi_na_ploskosti.html,lekcii_po_vysshei_matematike.html,grafiki_i_svoistva_funkcij.html,vektory_dlya_chainikov.html,zadachi_s_pryamoi_na_ploskosti.html,vektory_dlya_chainikov.html,vektory_dlya_chainikov.html,vektory_dlya_chainikov.html,zadachi_s_pryamoi_na_ploskosti.html,skaljarnoe_proizvedenie_vektorov.html,poverhnosti.html,kak_privesti_uravnenie_linii_2_poryadka_k_kanonicheskomu_vidu.html,uravnenija_pryamoi_v_prostranstve.html,proizvodnye_neyavnoi_parametricheskoi_funkcii.html,zadachi_s_pryamoi_na_ploskosti.html,http://mathprofi.ru/scripts/call.html,
zadachi_s_pryamoi_na_ploskosti.html,lekcii_po_vysshei_matematike.html,uravnenie_pryamoi_na_ploskosti.html,mnozhestva.html,slu_nesovmestnye_sistemy_i_sistemy_s_obshim_resheniem.html,linejnaja_nezavisimost_vektorov_bazis_vektorov.html,vektory_dlya_chainikov.html,uravnenie_pryamoi_na_ploskosti.html,linejnaja_nezavisimost_vektorov_bazis_vektorov.html,kak_reshit_sistemu_uravnenii.html,kak_reshit_sistemu_uravnenii.html,kak_reshit_sistemu_uravnenii.html,skaljarnoe_proizvedenie_vektorov.html,delenie_otrezka_v_dannom_otnoshenii.html,skaljarnoe_proizvedenie_vektorov.html,grafiki_i_svoistva_funkcij.html,kak_naiti_uravnenie_normali.html,uravnenie_pryamoi_na_ploskosti.html,skaljarnoe_proizvedenie_vektorov.html,http://mathprofi.ru/scripts/call.html,
lineinye_neravenstva.html,lekcii_po_vysshei_matematike.html,uravnenie_pryamoi_na_ploskosti.html,oblast_opredeleniya.html,oblast_opredeleniya.html,grafiki_i_svoistva_funkcij.html,oblast_opredeleniya.html,grafiki_i_svoistva_funkcij.html,zadachi_s_pryamoi_na_ploskosti.html,kak_reshit_sistemu_uravnenii.html,http://mathprofi.ru/scripts/call.html,
kak_nauchitsa_reshat_zadachi_po_geometrii.html,lekcii_po_vysshei_matematike.html,kak_naiti_proizvodnuju.html,vektory_dlya_chainikov.html,uravnenie_pryamoi_na_ploskosti.html,zadachi_s_pryamoi_na_ploskosti.html,uravnenie_ploskosti.html,uravnenija_pryamoi_v_prostranstve.html,zadachi_s_pryamoi_i_ploskostju.html,linejnaja_nezavisimost_vektorov_bazis_vektorov.html,vektory_dlya_chainikov.html,uravnenie_pryamoi_na_ploskosti.html,zadachi_s_pryamoi_na_ploskosti.html,zadachi_s_pryamoi_na_ploskosti.html,delenie_otrezka_v_dannom_otnoshenii.html,delenie_otrezka_v_dannom_otnoshenii.html,uravnenie_pryamoi_na_ploskosti.html,vektory_dlya_chainikov.html,skaljarnoe_proizvedenie_vektorov.html,zadachi_s_pryamoi_na_ploskosti.html,zadachi_s_pryamoi_na_ploskosti.html,zadachi_s_pryamoi_na_ploskosti.html,uravnenie_pryamoi_na_ploskosti.html,zadachi_s_pryamoi_na_ploskosti.html,vektornoe_proizvedenie_vektorov_smeshannoe_proizvedenie.html,delenie_otrezka_v_dannom_otnoshenii.html,delenie_otrezka_v_dannom_otnoshenii.html,delenie_otrezka_v_dannom_otnoshenii.html,lineinye_neravenstva.html,lineinye_neravenstva.html,skachat_primery_po_vysshei_matematike.html,http://mathprofi.ru/scripts/call.html,
linii_vtorogo_poryadka_ellips_i_okruzhnost.html,lekcii_po_vysshei_matematike.html,uravnenie_pryamoi_na_ploskosti.html,linejnaja_nezavisimost_vektorov_bazis_vektorov.html,linejnaja_nezavisimost_vektorov_bazis_vektorov.html,linejnaja_nezavisimost_vektorov_bazis_vektorov.html,uravnenie_pryamoi_na_ploskosti.html,poljarnye_koordinaty.html,kak_privesti_uravnenie_linii_2_poryadka_k_kanonicheskomu_vidu.html,uravnenie_pryamoi_na_ploskosti.html,kompleksnye_chisla_dlya_chainikov.html,kompleksnye_chisla_dlya_chainikov.html,kompleksnye_chisla_dlya_chainikov.html,uravnenie_pryamoi_na_ploskosti.html,giperbola_i_parabola.html,kak_naiti_proizvodnuju.html,integraly_primery_reshenij.html,kak_privesti_uravnenie_linii_2_poryadka_k_kanonicheskomu_vidu.html,kak_postroit_grafik_funkcii_s_pomoshyu_preobrazovanii.html,integrirovanie_drobei.html,kak_privesti_uravnenie_linii_2_poryadka_k_kanonicheskomu_vidu.html,giperbola_i_parabola.html,http://mathprofi.ru/scripts/call.html,
giperbola_i_parabola.html,lekcii_po_vysshei_matematike.html,linii_vtorogo_poryadka_ellips_i_okruzhnost.html,linii_vtorogo_poryadka_ellips_i_okruzhnost.html,linii_vtorogo_poryadka_ellips_i_okruzhnost.html,grafiki_i_svoistva_funkcij.html,asimptoty_grafika_funkcii.html,asimptoty_grafika_funkcii.html,uravnenie_pryamoi_na_ploskosti.html,linii_vtorogo_poryadka_ellips_i_okruzhnost.html,uravnenie_pryamoi_na_ploskosti.html,linii_vtorogo_poryadka_ellips_i_okruzhnost.html,linii_vtorogo_poryadka_ellips_i_okruzhnost.html,linii_vtorogo_poryadka_ellips_i_okruzhnost.html,kak_privesti_uravnenie_linii_2_poryadka_k_kanonicheskomu_vidu.html,zadachi_s_liniyami_2_poryadka.html,http://mathprofi.ru/scripts/call.html,
zadachi_s_liniyami_2_poryadka.html,lekcii_po_vysshei_matematike.html,linii_vtorogo_poryadka_ellips_i_okruzhnost.html,linii_vtorogo_poryadka_ellips_i_okruzhnost.html,giperbola_i_parabola.html,linii_vtorogo_poryadka_ellips_i_okruzhnost.html,giperbola_i_parabola.html,giperbola_i_parabola.html,kak_privesti_uravnenie_linii_2_poryadka_k_kanonicheskomu_vidu.html,vektory_dlya_chainikov.html,linii_vtorogo_poryadka_ellips_i_okruzhnost.html,kak_privesti_uravnenie_linii_2_poryadka_k_kanonicheskomu_vidu.html,linii_vtorogo_poryadka_ellips_i_okruzhnost.html,linii_vtorogo_poryadka_ellips_i_okruzhnost.html,kak_privesti_uravnenie_linii_2_poryadka_k_kanonicheskomu_vidu.html,kak_privesti_uravnenie_linii_2_poryadka_k_kanonicheskomu_vidu.html,zadachi_s_pryamoi_na_ploskosti.html,giperbola_i_parabola.html,kak_privesti_uravnenie_linii_2_poryadka_k_kanonicheskomu_vidu.html,giperbola_i_parabola.html,zadachi_s_pryamoi_na_ploskosti.html,uravnenie_pryamoi_na_ploskosti.html,giperbola_i_parabola.html,linii_vtorogo_poryadka_ellips_i_okruzhnost.html,asimptoty_grafika_funkcii.html,linii_vtorogo_poryadka_ellips_i_okruzhnost.html,giperbola_i_parabola.html,uravnenie_pryamoi_na_ploskosti.html,linii_vtorogo_poryadka_ellips_i_okruzhnost.html,giperbola_i_parabola.html,giperbola_i_parabola.html,giperbola_i_parabola.html,kak_privesti_uravnenie_linii_2_poryadka_k_kanonicheskomu_vidu.html,http://mathprofi.ru/scripts/call.html,
kak_privesti_uravnenie_linii_2_poryadka_k_kanonicheskomu_vidu.html,lekcii_po_vysshei_matematike.html,linii_vtorogo_poryadka_ellips_i_okruzhnost.html,linii_vtorogo_poryadka_ellips_i_okruzhnost.html,giperbola_i_parabola.html,zadachi_s_liniyami_2_poryadka.html,giperbola_i_parabola.html,linii_vtorogo_poryadka_ellips_i_okruzhnost.html,perehod_k_novomu_bazisu.html,kak_vychislit_opredelitel.html,metod_ortogonalnogo_preobrazovaniya_kf.html,kak_vychislit_opredelitel.html,linii_vtorogo_poryadka_ellips_i_okruzhnost.html,kak_reshit_sistemu_uravnenii.html,kak_vychislit_opredelitel.html,svoistva_opredelitelya_ponizhenie_poryadka_opredelitelya.html,linii_vtorogo_poryadka_ellips_i_okruzhnost.html,giperbola_i_parabola.html,linii_vtorogo_poryadka_ellips_i_okruzhnost.html,kak_reshit_sistemu_uravnenii.html,kompleksnye_chisla_dlya_chainikov.html,linii_vtorogo_poryadka_ellips_i_okruzhnost.html,kompleksnye_chisla_dlya_chainikov.html,perehod_k_novomu_bazisu.html,perehod_k_novomu_bazisu.html,kak_naiti_proizvodnuju.html,perehod_k_novomu_bazisu.html,giperbola_i_parabola.html,kvadratichnye_formy.html,metod_ortogonalnogo_preobrazovaniya_kf.html,proizvodnye_neyavnoi_parametricheskoi_funkcii.html,perehod_k_novomu_bazisu.html,perehod_k_novomu_bazisu.html,giperbola_i_parabola.html,linii_vtorogo_poryadka_ellips_i_okruzhnost.html,http://mathprofi.ru/scripts/call.html,
poljarnye_koordinaty.html,lekcii_po_vysshei_matematike.html,linejnaja_nezavisimost_vektorov_bazis_vektorov.html,vektory_dlya_chainikov.html,kompleksnye_chisla_dlya_chainikov.html,kak_postroit_liniju_v_poljarnoi_sisteme_koordinat.html,kompleksnye_chisla_dlya_chainikov.html,oblast_opredeleniya.html,oblast_opredeleniya.html,linii_vtorogo_poryadka_ellips_i_okruzhnost.html,linii_vtorogo_poryadka_ellips_i_okruzhnost.html,linejnaja_nezavisimost_vektorov_bazis_vektorov.html,oblast_opredeleniya.html,grafiki_i_svoistva_funkcij.html,linii_vtorogo_poryadka_ellips_i_okruzhnost.html,grafiki_i_svoistva_funkcij.html,kak_postroit_grafik_funkcii_s_pomoshyu_preobrazovanii.html,oblast_opredeleniya.html,mnozhestva.html,mnozhestva.html,mnozhestva.html,kak_postroit_grafik_funkcii_s_pomoshyu_preobrazovanii.html,kak_postroit_liniju_v_poljarnoi_sisteme_koordinat.html,http://mathprofi.ru/scripts/call.html,
kak_postroit_liniju_v_poljarnoi_sisteme_koordinat.html,lekcii_po_vysshei_matematike.html,poljarnye_koordinaty.html,poljarnye_koordinaty.html,grafiki_i_svoistva_funkcij.html,uravnenie_pryamoi_na_ploskosti.html,poljarnye_koordinaty.html,linii_vtorogo_poryadka_ellips_i_okruzhnost.html,poljarnye_koordinaty.html,giperbola_i_parabola.html,zadachi_s_liniyami_2_poryadka.html,giperbola_i_parabola.html,poljarnye_koordinaty.html,kak_privesti_uravnenie_linii_2_poryadka_k_kanonicheskomu_vidu.html,giperbola_i_parabola.html,kak_privesti_uravnenie_linii_2_poryadka_k_kanonicheskomu_vidu.html,troinye_integraly.html,linii_vtorogo_poryadka_ellips_i_okruzhnost.html,giperbola_i_parabola.html,http://mathprofi.ru/scripts/call.html,
uravnenie_ploskosti.html,lekcii_po_vysshei_matematike.html,vektory_dlya_chainikov.html,uravnenie_pryamoi_na_ploskosti.html,uravnenie_pryamoi_na_ploskosti.html,uravnenija_pryamoi_v_prostranstve.html,linejnaja_nezavisimost_vektorov_bazis_vektorov.html,uravnenie_pryamoi_na_ploskosti.html,poverhnosti.html,lineinye_neravenstva.html,lineinye_neravenstva.html,kak_vychislit_opredelitel.html,linejnaja_nezavisimost_vektorov_bazis_vektorov.html,uravnenie_pryamoi_na_ploskosti.html,skaljarnoe_proizvedenie_vektorov.html,skaljarnoe_proizvedenie_vektorov.html,skaljarnoe_proizvedenie_vektorov.html,skaljarnoe_proizvedenie_vektorov.html,zadachi_s_pryamoi_na_ploskosti.html,uravnenija_pryamoi_v_prostranstve.html,zadachi_s_pryamoi_i_ploskostju.html,zadachi_s_pryamoi_na_ploskosti.html,slu_nesovmestnye_sistemy_i_sistemy_s_obshim_resheniem.html,kak_reshit_sistemu_uravnenii.html,uravnenija_pryamoi_v_prostranstve.html,slu_nesovmestnye_sistemy_i_sistemy_s_obshim_resheniem.html,skaljarnoe_proizvedenie_vektorov.html,skaljarnoe_proizvedenie_vektorov.html,kak_reshit_sistemu_uravnenii.html,pravilo_kramera_matrichnyi_metod.html,uravnenija_pryamoi_v_prostranstve.html,http://mathprofi.ru/scripts/call.html,
uravnenija_pryamoi_v_prostranstve.html,lekcii_po_vysshei_matematike.html,uravnenie_ploskosti.html,uravnenie_pryamoi_na_ploskosti.html,zadachi_s_pryamoi_v_prostranstve.html,uravnenie_ploskosti.html,linejnaja_nezavisimost_vektorov_bazis_vektorov.html,grafiki_i_svoistva_funkcij.html,uravnenie_ploskosti.html,uravnenie_ploskosti.html,zadachi_s_pryamoi_na_ploskosti.html,proizvodnye_neyavnoi_parametricheskoi_funkcii.html,uravnenie_ploskosti.html,vektornoe_proizvedenie_vektorov_smeshannoe_proizvedenie.html,vektornoe_proizvedenie_vektorov_smeshannoe_proizvedenie.html,zadachi_s_pryamoi_v_prostranstve.html,http://mathprofi.ru/scripts/call.html,
zadachi_s_pryamoi_v_prostranstve.html,lekcii_po_vysshei_matematike.html,uravnenija_pryamoi_v_prostranstve.html,linejnaja_nezavisimost_vektorov_bazis_vektorov.html,vektornoe_proizvedenie_vektorov_smeshannoe_proizvedenie.html,linejnaja_nezavisimost_vektorov_bazis_vektorov.html,vektornoe_proizvedenie_vektorov_smeshannoe_proizvedenie.html,vektornoe_proizvedenie_vektorov_smeshannoe_proizvedenie.html,skaljarnoe_proizvedenie_vektorov.html,vektory_dlya_chainikov.html,kak_reshit_sistemu_uravnenii.html,pravilo_kramera_matrichnyi_metod.html,vektornoe_proizvedenie_vektorov_smeshannoe_proizvedenie.html,vektornoe_proizvedenie_vektorov_smeshannoe_proizvedenie.html,uravnenija_pryamoi_v_prostranstve.html,metod_gaussa_dlya_chainikov.html,skaljarnoe_proizvedenie_vektorov.html,zadachi_s_pryamoi_na_ploskosti.html,vektornoe_proizvedenie_vektorov_smeshannoe_proizvedenie.html,zadachi_s_pryamoi_na_ploskosti.html,skaljarnoe_proizvedenie_vektorov.html,zadachi_s_pryamoi_i_ploskostju.html,uravnenie_ploskosti.html,uravnenie_ploskosti.html,uravnenija_pryamoi_v_prostranstve.html,zadachi_s_pryamoi_i_ploskostju.html,http://mathprofi.ru/scripts/call.html,
zadachi_s_pryamoi_i_ploskostju.html,lekcii_po_vysshei_matematike.html,uravnenie_ploskosti.html,uravnenija_pryamoi_v_prostranstve.html,skaljarnoe_proizvedenie_vektorov.html,skaljarnoe_proizvedenie_vektorov.html,zadachi_s_pryamoi_v_prostranstve.html,skaljarnoe_proizvedenie_vektorov.html,uravnenie_ploskosti.html,skaljarnoe_proizvedenie_vektorov.html,zadachi_s_pryamoi_v_prostranstve.html,uravnenie_ploskosti.html,skaljarnoe_proizvedenie_vektorov.html,uravnenija_pryamoi_v_prostranstve.html,uravnenija_pryamoi_v_prostranstve.html,skaljarnoe_proizvedenie_vektorov.html,zadachi_s_pryamoi_na_ploskosti.html,uravnenie_ploskosti.html,delenie_otrezka_v_dannom_otnoshenii.html,treugolnaya_piramida.html,skachat_primery_po_vysshei_matematike.html,zadachi_s_pryamoi_v_prostranstve.html,uravnenie_ploskosti.html,uravnenie_ploskosti.html,zadachi_s_pryamoi_v_prostranstve.html,uravnenie_ploskosti.html,zadachi_s_pryamoi_v_prostranstve.html,http://mathprofi.ru/scripts/call.html,
treugolnaya_piramida.html,lekcii_po_vysshei_matematike.html,vektory_dlya_chainikov.html,zadachi_s_pryamoi_i_ploskostju.html,kak_nauchitsa_reshat_zadachi_po_geometrii.html,vektory_dlya_chainikov.html,vektory_dlya_chainikov.html,uravnenija_pryamoi_v_prostranstve.html,skaljarnoe_proizvedenie_vektorov.html,vektornoe_proizvedenie_vektorov_smeshannoe_proizvedenie.html,zadachi_s_pryamoi_i_ploskostju.html,uravnenie_ploskosti.html,uravnenie_ploskosti.html,zadachi_s_pryamoi_i_ploskostju.html,vektornoe_proizvedenie_vektorov_smeshannoe_proizvedenie.html,kak_nauchitsa_reshat_zadachi_po_geometrii.html,delenie_otrezka_v_dannom_otnoshenii.html,uravnenija_pryamoi_v_prostranstve.html,uravnenie_ploskosti.html,uravnenie_ploskosti.html,grafiki_i_svoistva_funkcij.html,uravnenija_pryamoi_v_prostranstve.html,http://mathprofi.ru/scripts/call.html,
mnozhestva.html,lekcii_po_vysshei_matematike.html,vektory_dlya_chainikov.html,predely_primery_reshenii.html,kak_naiti_proizvodnuju.html,osnovy_matematicheskoj_logiki.html,matematika_dlya_chainikov.html,kompleksnye_chisla_dlya_chainikov.html,grafiki_i_svoistva_funkcij.html,vektory_dlya_chainikov.html,deistviya_s_matricami.html,kak_vychislit_opredelitel.html,kompleksnye_chisla_dlya_chainikov.html,predely_po_koshi.html,opredelenie_proizvodnoi_smysl_proizvodnoi.html,grafiki_i_svoistva_funkcij.html,grafiki_i_svoistva_funkcij.html,grafiki_i_svoistva_funkcij.html,osnovy_matematicheskoj_logiki.html,grafiki_i_svoistva_funkcij.html,http://mathprofi.ru/scripts/call.html,
osnovy_matematicheskoj_logiki.html,lekcii_po_vysshei_matematike.html,mnozhestva.html,mnozhestva.html,mnozhestva.html,mnozhestva.html,vektory_dlya_chainikov.html,kak_reshit_sistemu_uravnenii.html,deistviya_s_matricami.html,vektornoe_proizvedenie_vektorov_smeshannoe_proizvedenie.html,formuly_i_zakony_logiki.html,formuly_i_zakony_logiki.html,http://mathprofi.ru/scripts/call.html,
formuly_i_zakony_logiki.html,lekcii_po_vysshei_matematike.html,osnovy_matematicheskoj_logiki.html,osnovy_matematicheskoj_logiki.html,osnovy_matematicheskoj_logiki.html,deistviya_s_matricami.html,vektornoe_proizvedenie_vektorov_smeshannoe_proizvedenie.html,osnovy_matematicheskoj_logiki.html,osnovy_matematicheskoj_logiki.html,zadachi_po_kombinatorike_primery_reshenij.html,osnovy_matematicheskoj_logiki.html,mnozhestva.html,http://mathprofi.ru/scripts/call.html,
uravnenija_v_vysshei_matematike.html,lekcii_po_vysshei_matematike.html,mnozhestva.html,vektory_dlya_chainikov.html,grafiki_i_svoistva_funkcij.html,mnozhestva.html,grafiki_i_svoistva_funkcij.html,mnozhestva.html,osnovy_matematicheskoj_logiki.html,mnozhestva.html,grafiki_i_svoistva_funkcij.html,grafiki_i_svoistva_funkcij.html,mnozhestva.html,mnozhestva.html,mnozhestva.html,grafiki_i_svoistva_funkcij.html,grafiki_i_svoistva_funkcij.html,beskonechno_malye_funkcii_zamechatelnye_ekvivalentnosti.html,mnozhestva.html,metod_kasatelnyh.html,kompleksnye_chisla_dlya_chainikov.html,mnozhestva.html,kompleksnye_chisla_dlya_chainikov.html,mnozhestva.html,kompleksnye_chisla_dlya_chainikov.html,mnozhestva.html,mnozhestva.html,slozhnye_predely.html,grafiki_i_svoistva_funkcij.html,mnozhestva.html,nuli_funkcii_intervaly_znakopostoyanstva_metod_intervalov.html,mnozhestva.html,vyrazhenija_uravnenija_i_sistemy_s_ kompleksnymi_chislami.html,matrichnye_uravneniya_primery_reshenij.html,deistviya_s_matricami.html,differencialnye_uravnenija_primery_reshenii.html,http://mathprofi.ru/scripts/call.html,
kompleksnye_chisla_dlya_chainikov.html,lekcii_po_vysshei_matematike.html,mnozhestva.html,mnozhestva.html,grafiki_i_svoistva_funkcij.html,mnozhestva.html,vyrazhenija_uravnenija_i_sistemy_s_ kompleksnymi_chislami.html,matematicheskie_formuly.html,poljarnye_koordinaty.html,grafiki_i_svoistva_funkcij.html,funkcii_kompleksnoi_peremennoi.html,vyrazhenija_uravnenija_i_sistemy_s_ kompleksnymi_chislami.html,vyrazhenija_uravnenija_i_sistemy_s_ kompleksnymi_chislami.html,vyrazhenija_uravnenija_i_sistemy_s_ kompleksnymi_chislami.html,http://mathprofi.ru/scripts/call.html,
vyrazhenija_uravnenija_i_sistemy_s_ kompleksnymi_chislami.html,lekcii_po_vysshei_matematike.html,kompleksnye_chisla_dlya_chainikov.html,kompleksnye_chisla_dlya_chainikov.html,kompleksnye_chisla_dlya_chainikov.html,kompleksnye_chisla_dlya_chainikov.html,uravnenija_v_vysshei_matematike.html,kompleksnye_chisla_dlya_chainikov.html,kompleksnye_chisla_dlya_chainikov.html,kak_reshit_sistemu_uravnenii.html,pravilo_kramera_matrichnyi_metod.html,http://mathprofi.ru/scripts/call.html,
deistviya_s_matricami.html,lekcii_po_vysshei_matematike.html,http://mathprofi.com/messages/141-Universalnyi-kalkulyator-MatProfi.ru.html,matematika_dlya_chainikov.html,kak_naiti_obratnuyu_matricu.html,svoistva_operacij_nad_matricami_matrichnye_vyrazheniya.html,http://mathprofi.ru/scripts/call.html,
kak_vychislit_opredelitel.html,lekcii_po_vysshei_matematike.html,http://mathprofi.com/messages/141-Universalnyi-kalkulyator-MatProfi.ru.html,deistviya_s_matricami.html,svoistva_opredelitelya_ponizhenie_poryadka_opredelitelya.html,svoistva_opredelitelya_ponizhenie_poryadka_opredelitelya.html,http://mathprofi.ru/scripts/call.html,
svoistva_opredelitelya_ponizhenie_poryadka_opredelitelya.html,lekcii_po_vysshei_matematike.html,kak_vychislit_opredelitel.html,deistviya_s_matricami.html,kak_vychislit_opredelitel.html,deistviya_s_matricami.html,linejnaja_nezavisimost_vektorov_bazis_vektorov.html,vektornoe_proizvedenie_vektorov_smeshannoe_proizvedenie.html,deistviya_s_matricami.html,vektory_dlya_chainikov.html,linejnaja_nezavisimost_vektorov_bazis_vektorov.html,metod_gaussa_dlya_chainikov.html,kak_reshit_sistemu_uravnenii.html,pravilo_kramera_matrichnyi_metod.html,pravilo_kramera_matrichnyi_metod.html,matematicheskie_formuly.html,pravilo_kramera_matrichnyi_metod.html,pravilo_kramera_matrichnyi_metod.html,metod_gaussa_dlya_chainikov.html,kompleksnye_chisla_dlya_chainikov.html,http://mathprofi.ru/scripts/call.html,
kak_naiti_obratnuyu_matricu.html,lekcii_po_vysshei_matematike.html,kak_vychislit_opredelitel.html,deistviya_s_matricami.html,metod_zhordano_gaussa_nahozhdenie_obratnoi_matricy.html,kak_vychislit_opredelitel.html,kak_vychislit_opredelitel.html,deistviya_s_matricami.html,deistviya_s_matricami.html,svoistva_operacij_nad_matricami_matrichnye_vyrazheniya.html,pravilo_kramera_matrichnyi_metod.html,metod_zhordano_gaussa_nahozhdenie_obratnoi_matricy.html,metod_gaussa_dlya_chainikov.html,http://mathprofi.ru/scripts/call.html,
svoistva_operacij_nad_matricami_matrichnye_vyrazheniya.html,lekcii_po_vysshei_matematike.html,deistviya_s_matricami.html,kak_naiti_obratnuyu_matricu.html,kak_vychislit_opredelitel.html,matematicheskie_formuly.html,deistviya_s_matricami.html,deistviya_s_matricami.html,kak_vychislit_opredelitel.html,deistviya_s_matricami.html,deistviya_s_matricami.html,kak_naiti_obratnuyu_matricu.html,kak_naiti_obratnuyu_matricu.html,deistviya_s_matricami.html,matrichnye_uravneniya_primery_reshenij.html,http://mathprofi.ru/scripts/call.html,
matrichnye_uravneniya_primery_reshenij.html,lekcii_po_vysshei_matematike.html,deistviya_s_matricami.html,svoistva_operacij_nad_matricami_matrichnye_vyrazheniya.html,kak_naiti_obratnuyu_matricu.html,uravnenija_v_vysshei_matematike.html,svoistva_operacij_nad_matricami_matrichnye_vyrazheniya.html,svoistva_operacij_nad_matricami_matrichnye_vyrazheniya.html,svoistva_operacij_nad_matricami_matrichnye_vyrazheniya.html,kak_naiti_obratnuyu_matricu.html,svoistva_operacij_nad_matricami_matrichnye_vyrazheniya.html,pravilo_kramera_matrichnyi_metod.html,svoistva_operacij_nad_matricami_matrichnye_vyrazheniya.html,svoistva_operacij_nad_matricami_matrichnye_vyrazheniya.html,http://mathprofi.ru/scripts/call.html,
kak_reshit_sistemu_uravnenii.html,lekcii_po_vysshei_matematike.html,pravilo_kramera_matrichnyi_metod.html,pravilo_kramera_matrichnyi_metod.html,metod_gaussa_dlya_chainikov.html,zadachi_s_pryamoi_na_ploskosti.html,integraly_ot_drobno_racionalnoj_funkcii.html,pravilo_kramera_matrichnyi_metod.html,pravilo_kramera_matrichnyi_metod.html,http://mathprofi.ru/scripts/call.html,
pravilo_kramera_matrichnyi_metod.html,lekcii_po_vysshei_matematike.html,kak_reshit_sistemu_uravnenii.html,http://mathprofi.com/messages/141-Universalnyi-kalkulyator-MatProfi.ru.html,kak_vychislit_opredelitel.html,metod_gaussa_dlya_chainikov.html,metod_gaussa_dlya_chainikov.html,svoistva_opredelitelya_ponizhenie_poryadka_opredelitelya.html,matrichnye_uravneniya_primery_reshenij.html,matrichnye_uravneniya_primery_reshenij.html,kak_naiti_obratnuyu_matricu.html,metod_gaussa_dlya_chainikov.html,kak_naiti_obratnuyu_matricu.html,deistviya_s_matricami.html,metod_gaussa_dlya_chainikov.html,http://mathprofi.ru/scripts/call.html,
metod_gaussa_dlya_chainikov.html,lekcii_po_vysshei_matematike.html,kak_reshit_sistemu_uravnenii.html,pravilo_kramera_matrichnyi_metod.html,pravilo_kramera_matrichnyi_metod.html,slu_nesovmestnye_sistemy_i_sistemy_s_obshim_resheniem.html,kak_reshit_sistemu_uravnenii.html,deistviya_s_matricami.html,pravilo_kramera_matrichnyi_metod.html,slu_nesovmestnye_sistemy_i_sistemy_s_obshim_resheniem.html,http://mathprofi.ru/scripts/call.html,
slu_nesovmestnye_sistemy_i_sistemy_s_obshim_resheniem.html,lekcii_po_vysshei_matematike.html,kak_reshit_sistemu_uravnenii.html,pravilo_kramera_matrichnyi_metod.html,metod_gaussa_dlya_chainikov.html,rang_matricy.html,metod_gaussa_dlya_chainikov.html,rang_matricy.html,rang_matricy.html,http://mathprofi.ru/scripts/call.html,
rang_matricy.html,lekcii_po_vysshei_matematike.html,deistviya_s_matricami.html,metod_gaussa_dlya_chainikov.html,vektory_dlya_chainikov.html,vektory_dlya_chainikov.html,linejnaja_nezavisimost_vektorov_bazis_vektorov.html,deistviya_s_matricami.html,vektory_dlya_chainikov.html,linejnaja_nezavisimost_vektorov_bazis_vektorov.html,linejnye_preobrazovanija.html,linejnaja_nezavisimost_vektorov_bazis_vektorov.html,deistviya_s_matricami.html,svoistva_opredelitelya_ponizhenie_poryadka_opredelitelya.html,linejnaja_nezavisimost_vektorov_bazis_vektorov.html,linejnaja_nezavisimost_vektorov_bazis_vektorov.html,kak_vychislit_opredelitel.html,kak_naiti_obratnuyu_matricu.html,kak_vychislit_opredelitel.html,svoistva_opredelitelya_ponizhenie_poryadka_opredelitelya.html,metod_gaussa_dlya_chainikov.html,deistviya_s_matricami.html,metod_gaussa_dlya_chainikov.html,metod_gaussa_dlya_chainikov.html,metod_gaussa_dlya_chainikov.html,kak_reshit_sistemu_uravnenii.html,metod_gaussa_dlya_chainikov.html,metod_gaussa_dlya_chainikov.html,svoistva_opredelitelya_ponizhenie_poryadka_opredelitelya.html,metod_gaussa_dlya_chainikov.html,pravilo_kramera_matrichnyi_metod.html,pravilo_kramera_matrichnyi_metod.html,slu_nesovmestnye_sistemy_i_sistemy_s_obshim_resheniem.html,reshenie_systemy_pri_razlichnyh_sposobah_vybora_bazisa.html,http://mathprofi.ru/scripts/call.html,
odnorodnye_sistemy_lineinyh_uravnenij.html,lekcii_po_vysshei_matematike.html,metod_gaussa_dlya_chainikov.html,slu_nesovmestnye_sistemy_i_sistemy_s_obshim_resheniem.html,rang_matricy.html,rang_matricy.html,rang_matricy.html,slu_nesovmestnye_sistemy_i_sistemy_s_obshim_resheniem.html,vektory_dlya_chainikov.html,rang_matricy.html,linejnye_preobrazovanija.html,idz_ryabushko_besplatno.html,metod_zhordano_gaussa_nahozhdenie_obratnoi_matricy.html,reshenie_systemy_pri_razlichnyh_sposobah_vybora_bazisa.html,metod_zhordano_gaussa_nahozhdenie_obratnoi_matricy.html,http://mathprofi.ru/scripts/call.html,
metod_zhordano_gaussa_nahozhdenie_obratnoi_matricy.html,lekcii_po_vysshei_matematike.html,metod_gaussa_dlya_chainikov.html,metod_gaussa_dlya_chainikov.html,slu_nesovmestnye_sistemy_i_sistemy_s_obshim_resheniem.html,rang_matricy.html,odnorodnye_sistemy_lineinyh_uravnenij.html,svoistva_opredelitelya_ponizhenie_poryadka_opredelitelya.html,metod_gaussa_dlya_chainikov.html,metod_gaussa_dlya_chainikov.html,metod_gaussa_dlya_chainikov.html,slu_nesovmestnye_sistemy_i_sistemy_s_obshim_resheniem.html,reshenie_systemy_pri_razlichnyh_sposobah_vybora_bazisa.html,linejnaja_nezavisimost_vektorov_bazis_vektorov.html,odnorodnye_sistemy_lineinyh_uravnenij.html,reshenie_systemy_pri_razlichnyh_sposobah_vybora_bazisa.html,kak_naiti_obratnuyu_matricu.html,kak_naiti_obratnuyu_matricu.html,metod_gaussa_dlya_chainikov.html,kak_naiti_obratnuyu_matricu.html,reshenie_systemy_pri_razlichnyh_sposobah_vybora_bazisa.html,http://mathprofi.ru/scripts/call.html,
reshenie_systemy_pri_razlichnyh_sposobah_vybora_bazisa.html,lekcii_po_vysshei_matematike.html,kak_reshit_sistemu_uravnenii.html,metod_gaussa_dlya_chainikov.html,slu_nesovmestnye_sistemy_i_sistemy_s_obshim_resheniem.html,metod_zhordano_gaussa_nahozhdenie_obratnoi_matricy.html,linejnaja_nezavisimost_vektorov_bazis_vektorov.html,rang_matricy.html,metod_gaussa_dlya_chainikov.html,rang_matricy.html,metod_zhordano_gaussa_nahozhdenie_obratnoi_matricy.html,metod_zhordano_gaussa_nahozhdenie_obratnoi_matricy.html,metod_gaussa_dlya_chainikov.html,http://mathprofi.ru/scripts/call.html,
linejnye_preobrazovanija.html,lekcii_po_vysshei_matematike.html,mnozhestva.html,mnozhestva.html,vektory_dlya_chainikov.html,deistviya_s_matricami.html,vektory_dlya_chainikov.html,deistviya_s_matricami.html,rang_matricy.html,odnorodnye_sistemy_lineinyh_uravnenij.html,mnozhestva.html,rang_matricy.html,mnozhestva.html,mnozhestva.html,linejnaja_nezavisimost_vektorov_bazis_vektorov.html,deistviya_s_matricami.html,vektory_dlya_chainikov.html,deistviya_s_matricami.html,deistviya_s_matricami.html,deistviya_s_matricami.html,linejnaja_nezavisimost_vektorov_bazis_vektorov.html,chastnye_proizvodnye_primery.html,matrichnye_uravneniya_primery_reshenij.html,kak_naiti_obratnuyu_matricu.html,kak_naiti_obratnuyu_matricu.html,metod_zhordano_gaussa_nahozhdenie_obratnoi_matricy.html,kak_vychislit_opredelitel.html,kak_naiti_obratnuyu_matricu.html,matrichnye_uravneniya_primery_reshenij.html,svoistva_operacij_nad_matricami_matrichnye_vyrazheniya.html,linejnaja_nezavisimost_vektorov_bazis_vektorov.html,kak_naiti_obratnuyu_matricu.html,svoistva_operacij_nad_matricami_matrichnye_vyrazheniya.html,matrichnye_uravneniya_primery_reshenij.html,sobstvennye_znachenija_i_sobstvennye_vektory.html,perehod_k_novomu_bazisu.html,vektory_dlya_chainikov.html,sobstvennye_znachenija_i_sobstvennye_vektory.html,kak_naiti_obratnuyu_matricu.html,http://mathprofi.ru/scripts/call.html,
sobstvennye_znachenija_i_sobstvennye_vektory.html,lekcii_po_vysshei_matematike.html,linejnye_preobrazovanija.html,deistviya_s_matricami.html,deistviya_s_matricami.html,linejnye_preobrazovanija.html,linejnye_preobrazovanija.html,matrichnye_uravneniya_primery_reshenij.html,deistviya_s_matricami.html,odnorodnye_sistemy_lineinyh_uravnenij.html,kak_vychislit_opredelitel.html,odnorodnye_sistemy_lineinyh_uravnenij.html,odnorodnye_sistemy_lineinyh_uravnenij.html,mnozhestva.html,odnorodnye_sistemy_lineinyh_uravnenij.html,linejnye_preobrazovanija.html,kak_naiti_obratnuyu_matricu.html,metod_zhordano_gaussa_nahozhdenie_obratnoi_matricy.html,svoistva_operacij_nad_matricami_matrichnye_vyrazheniya.html,matrichnye_uravneniya_primery_reshenij.html,linejnye_preobrazovanija.html,odnorodnye_sistemy_lineinyh_uravnenij.html,linejnye_preobrazovanija.html,kompleksnye_chisla_dlya_chainikov.html,perehod_k_novomu_bazisu.html,kompleksnye_chisla_dlya_chainikov.html,linejnye_preobrazovanija.html,kak_vychislit_opredelitel.html,slozhnye_predely.html,odnorodnye_sistemy_lineinyh_uravnenij.html,linejnye_preobrazovanija.html,kak_naiti_obratnuyu_matricu.html,odnorodnye_sistemy_lineinyh_uravnenij.html,odnorodnye_sistemy_lineinyh_uravnenij.html,rang_matricy.html,odnorodnye_sistemy_lineinyh_uravnenij.html,metod_zhordano_gaussa_nahozhdenie_obratnoi_matricy.html,svoistva_opredelitelya_ponizhenie_poryadka_opredelitelya.html,http://mathprofi.ru/scripts/call.html,
kvadratichnye_formy.html,lekcii_po_vysshei_matematike.html,mnozhestva.html,odnorodnye_sistemy_lineinyh_uravnenij.html,deistviya_s_matricami.html,deistviya_s_matricami.html,deistviya_s_matricami.html,kak_vychislit_opredelitel.html,rang_matricy.html,svoistva_operacij_nad_matricami_matrichnye_vyrazheniya.html,kak_vychislit_opredelitel.html,rang_matricy.html,svoistva_operacij_nad_matricami_matrichnye_vyrazheniya.html,rang_matricy.html,rang_matricy.html,svoistva_opredelitelya_ponizhenie_poryadka_opredelitelya.html,kak_vychislit_opredelitel.html,rang_matricy.html,vektory_dlya_chainikov.html,linejnye_preobrazovanija.html,sobstvennye_znachenija_i_sobstvennye_vektory.html,mnozhestva.html,sobstvennye_znachenija_i_sobstvennye_vektory.html,kak_vychislit_opredelitel.html,lineinye_neravenstva.html,lineinye_neravenstva.html,lineinye_neravenstva.html,kak_privesti_kf_k_kanonicheskomu_vidu.html,http://mathprofi.ru/scripts/call.html,
kak_privesti_kf_k_kanonicheskomu_vidu.html,lekcii_po_vysshei_matematike.html,kvadratichnye_formy.html,kvadratichnye_formy.html,matrichnye_uravneniya_primery_reshenij.html,linejnye_preobrazovanija.html,matrichnye_uravneniya_primery_reshenij.html,metod_ortogonalnogo_preobrazovaniya_kf.html,deistviya_s_matricami.html,kvadratichnye_formy.html,kvadratichnye_formy.html,svoistva_operacij_nad_matricami_matrichnye_vyrazheniya.html,matrichnye_uravneniya_primery_reshenij.html,matrichnye_uravneniya_primery_reshenij.html,kak_naiti_obratnuyu_matricu.html,matrichnye_uravneniya_primery_reshenij.html,kak_naiti_obratnuyu_matricu.html,http://mathprofi.com/messages/141-Firmennyi-kalkulyator-MatProfi.ru.html,kvadratichnye_formy.html,kak_vychislit_opredelitel.html,kak_naiti_obratnuyu_matricu.html,kak_vychislit_opredelitel.html,kak_naiti_obratnuyu_matricu.html,metod_ortogonalnogo_preobrazovaniya_kf.html,kak_naiti_obratnuyu_matricu.html,http://mathprofi.ru/scripts/call.html,
metod_ortogonalnogo_preobrazovaniya_kf.html,lekcii_po_vysshei_matematike.html,kvadratichnye_formy.html,kak_privesti_kf_k_kanonicheskomu_vidu.html,linii_vtorogo_poryadka_ellips_i_okruzhnost.html,kak_privesti_uravnenie_linii_2_poryadka_k_kanonicheskomu_vidu.html,kvadratichnye_formy.html,mnozhestva.html,sobstvennye_znachenija_i_sobstvennye_vektory.html,linejnye_preobrazovanija.html,sobstvennye_znachenija_i_sobstvennye_vektory.html,kak_privesti_kf_k_kanonicheskomu_vidu.html,kvadratichnye_formy.html,sobstvennye_znachenija_i_sobstvennye_vektory.html,sobstvennye_znachenija_i_sobstvennye_vektory.html,odnorodnye_sistemy_lineinyh_uravnenij.html,skaljarnoe_proizvedenie_vektorov.html,vektory_dlya_chainikov.html,uravnenie_ploskosti.html,linejnye_preobrazovanija.html,kak_privesti_kf_k_kanonicheskomu_vidu.html,deistviya_s_matricami.html,kak_naiti_obratnuyu_matricu.html,linii_vtorogo_poryadka_ellips_i_okruzhnost.html,linii_vtorogo_poryadka_ellips_i_okruzhnost.html,giperbola_i_parabola.html,giperbola_i_parabola.html,vektory_dlya_chainikov.html,kak_privesti_uravnenie_linii_2_poryadka_k_kanonicheskomu_vidu.html,kak_naiti_proizvodnuju.html,giperbola_i_parabola.html,perehod_k_novomu_bazisu.html,grafiki_i_svoistva_funkcij.html,kak_privesti_kf_k_kanonicheskomu_vidu.html,kak_privesti_uravnenie_linii_2_poryadka_k_kanonicheskomu_vidu.html,perehod_k_novomu_bazisu.html,perehod_k_novomu_bazisu.html,kak_privesti_uravnenie_linii_2_poryadka_k_kanonicheskomu_vidu.html,giperbola_i_parabola.html,kak_privesti_uravnenie_linii_2_poryadka_k_kanonicheskomu_vidu.html,kak_vychislit_opredelitel.html,kvadratichnye_formy.html,uravnenija_v_vysshei_matematike.html,odnorodnye_sistemy_lineinyh_uravnenij.html,odnorodnye_sistemy_lineinyh_uravnenij.html,odnorodnye_sistemy_lineinyh_uravnenij.html,skaljarnoe_proizvedenie_vektorov.html,skaljarnoe_proizvedenie_vektorov.html,http://mathprofi.com/messages/141-Firmennyi-kalkulyator-MatProfi.ru.html,poverhnosti.html,poverhnosti.html,poverhnosti.html,kak_privesti_kf_k_kanonicheskomu_vidu.html,http://mathprofi.ru/scripts/call.html,
predely_primery_reshenii.html,lekcii_po_vysshei_matematike.html,predely_po_koshi.html,grafiki_i_svoistva_funkcij.html,beskonechno_malye_funkcii_zamechatelnye_ekvivalentnosti.html,matematicheskie_formuly.html,zamechatelnye_predely.html,metody_resheniya_predelov_neopredelennosti.html,http://mathprofi.ru/scripts/call.html,
zamechatelnye_predely.html,lekcii_po_vysshei_matematike.html,predely_primery_reshenii.html,matematicheskie_formuly.html,predely_primery_reshenii.html,beskonechno_malye_funkcii_zamechatelnye_ekvivalentnosti.html,predely_primery_reshenii.html,matematicheskie_formuly.html,metody_resheniya_predelov_neopredelennosti.html,predely_primery_reshenii.html,predely_primery_reshenii.html,metody_resheniya_predelov_neopredelennosti.html,slozhnye_predely.html,http://mathprofi.ru/scripts/call.html,
metody_resheniya_predelov_neopredelennosti.html,lekcii_po_vysshei_matematike.html,predely_primery_reshenii.html,zamechatelnye_predely.html,predely_primery_reshenii.html,predely_primery_reshenii.html,grafiki_i_svoistva_funkcij.html,predely_primery_reshenii.html,oblast_opredeleniya.html,predely_primery_reshenii.html,grafiki_i_svoistva_funkcij.html,matematicheskie_formuly.html,kak_naiti_proizvodnuju.html,beskonechno_malye_funkcii_zamechatelnye_ekvivalentnosti.html,beskonechno_malye_funkcii_zamechatelnye_ekvivalentnosti.html,predely_primery_reshenii.html,zamechatelnye_predely.html,zamechatelnye_predely.html,zamechatelnye_predely.html,zamechatelnye_predely.html,slozhnye_predely.html,zamechatelnye_predely.html,zamechatelnye_predely.html,slozhnye_proizvodnye_logarifmicheskaja_proizvodnaja.html,nepreryvnost_funkcii_i_tochki_razryva.html,zamechatelnye_predely.html,zamechatelnye_predely.html,http://mathprofi.ru/scripts/call.html,
beskonechno_malye_funkcii_zamechatelnye_ekvivalentnosti.html,lekcii_po_vysshei_matematike.html,predely_primery_reshenii.html,zamechatelnye_predely.html,metody_resheniya_predelov_neopredelennosti.html,zamechatelnye_predely.html,grafiki_i_svoistva_funkcij.html,oblast_opredeleniya.html,metody_resheniya_predelov_neopredelennosti.html,metody_resheniya_predelov_neopredelennosti.html,predely_primery_reshenii.html,predely_primery_reshenii.html,metody_resheniya_predelov_neopredelennosti.html,predely_po_koshi.html,predely_po_koshi.html,metody_resheniya_predelov_neopredelennosti.html,zamechatelnye_predely.html,zamechatelnye_predely.html,metody_resheniya_predelov_neopredelennosti.html,zamechatelnye_predely.html,predely_primery_reshenii.html,ryady_dlya_chajnikov.html,metody_resheniya_predelov_neopredelennosti.html,http://mathprofi.ru/scripts/call.html,
pravila_lopitalya.html,lekcii_po_vysshei_matematike.html,predely_primery_reshenii.html,zamechatelnye_predely.html,metody_resheniya_predelov_neopredelennosti.html,beskonechno_malye_funkcii_zamechatelnye_ekvivalentnosti.html,beskonechno_malye_funkcii_zamechatelnye_ekvivalentnosti.html,kak_naiti_proizvodnuju.html,predely_primery_reshenii.html,zamechatelnye_predely.html,proizvodnaya_slozhnoi_funkcii.html,kak_naiti_proizvodnuju.html,zamechatelnye_predely.html,beskonechno_malye_funkcii_zamechatelnye_ekvivalentnosti.html,metody_resheniya_predelov_neopredelennosti.html,metody_resheniya_predelov_neopredelennosti.html,metody_resheniya_predelov_neopredelennosti.html,grafiki_i_svoistva_funkcij.html,metody_resheniya_predelov_neopredelennosti.html,polnoe_issledovanie_funkcii_i_postroenie_grafika.html,asimptoty_grafika_funkcii.html,teorija_verojatnostei.html,zamechatelnye_predely.html,zamechatelnye_predely.html,slozhnye_predely.html,beskonechno_malye_funkcii_zamechatelnye_ekvivalentnosti.html,metody_resheniya_predelov_neopredelennosti.html,grafiki_i_svoistva_funkcij.html,zamechatelnye_predely.html,slozhnye_predely.html,http://mathprofi.ru/scripts/call.html,
slozhnye_predely.html,lekcii_po_vysshei_matematike.html,predely_primery_reshenii.html,mnozhestva.html,uravnenija_v_vysshei_matematike.html,uravnenija_v_vysshei_matematike.html,uravnenija_v_vysshei_matematike.html,uravnenija_v_vysshei_matematike.html,predely_primery_reshenii.html,pravila_lopitalya.html,nuli_funkcii_intervaly_znakopostoyanstva_metod_intervalov.html,integraly_ot_drobno_racionalnoj_funkcii.html,troinye_integraly.html,predely_primery_reshenii.html,pravila_lopitalya.html,metody_resheniya_predelov_neopredelennosti.html,metody_resheniya_predelov_neopredelennosti.html,beskonechno_malye_funkcii_zamechatelnye_ekvivalentnosti.html,metody_resheniya_predelov_neopredelennosti.html,pravila_lopitalya.html,zadachi_s_pryamoi_na_ploskosti.html,kompleksnye_chisla_dlya_chainikov.html,pravila_lopitalya.html,zamechatelnye_predely.html,beskonechno_malye_funkcii_zamechatelnye_ekvivalentnosti.html,pravila_lopitalya.html,skachat_primery_po_vysshei_matematike.html,http://mathprofi.ru/scripts/call.html,
predel_posledovatelnosti.html,lekcii_po_vysshei_matematike.html,ryady_dlya_chajnikov.html,funkcionalnye_i_stepennye_ryady.html,predely_primery_reshenii.html,predely_primery_reshenii.html,beskonechno_malye_funkcii_zamechatelnye_ekvivalentnosti.html,predely_po_koshi.html,predely_po_koshi.html,beskonechno_malye_funkcii_zamechatelnye_ekvivalentnosti.html,predely_primery_reshenii.html,zamechatelnye_predely.html,predely_primery_reshenii.html,metody_resheniya_predelov_neopredelennosti.html,zamechatelnye_predely.html,grafiki_i_svoistva_funkcij.html,zamechatelnye_predely.html,beskonechno_malye_funkcii_zamechatelnye_ekvivalentnosti.html,beskonechno_malye_funkcii_zamechatelnye_ekvivalentnosti.html,beskonechno_malye_funkcii_zamechatelnye_ekvivalentnosti.html,metody_resheniya_predelov_neopredelennosti.html,beskonechno_malye_funkcii_zamechatelnye_ekvivalentnosti.html,http://mathprofi.ru/scripts/call.html,
predely_po_koshi.html,lekcii_po_vysshei_matematike.html,predely_primery_reshenii.html,predel_posledovatelnosti.html,mnozhestva.html,mnozhestva.html,predel_posledovatelnosti.html,predel_posledovatelnosti.html,predel_posledovatelnosti.html,lineinye_neravenstva.html,oblast_opredeleniya.html,nepreryvnost_funkcii_i_tochki_razryva.html,kak_naiti_proizvodnuju.html,opredelenie_proizvodnoi_smysl_proizvodnoi.html,http://mathprofi.ru/scripts/call.html,
kak_naiti_proizvodnuju.html,lekcii_po_vysshei_matematike.html,matematicheskie_formuly.html,opredelenie_proizvodnoi_smysl_proizvodnoi.html,integraly_primery_reshenij.html,predely_primery_reshenii.html,proizvodnaya_slozhnoi_funkcii.html,slozhnye_proizvodnye_logarifmicheskaja_proizvodnaja.html,tipovye_zadachi_s_proizvodnoi.html,proizvodnye_neyavnoi_parametricheskoi_funkcii.html,opredelenie_proizvodnoi_smysl_proizvodnoi.html,proizvodnaya_slozhnoi_funkcii.html,http://mathprofi.ru/scripts/call.html,
proizvodnaya_slozhnoi_funkcii.html,lekcii_po_vysshei_matematike.html,kak_naiti_proizvodnuju.html,kak_naiti_proizvodnuju.html,slozhnye_proizvodnye_logarifmicheskaja_proizvodnaja.html,tipovye_zadachi_s_proizvodnoi.html,http://mathprofi.ru/scripts/call.html,
slozhnye_proizvodnye_logarifmicheskaja_proizvodnaja.html,lekcii_po_vysshei_matematike.html,kak_naiti_proizvodnuju.html,proizvodnaya_slozhnoi_funkcii.html,proizvodnaya_slozhnoi_funkcii.html,proizvodnaya_slozhnoi_funkcii.html,kompleksnye_chisla_dlya_chainikov.html,proizvodnye_neyavnoi_parametricheskoi_funkcii.html,http://mathprofi.ru/scripts/call.html,
proizvodnye_neyavnoi_parametricheskoi_funkcii.html,lekcii_po_vysshei_matematike.html,kak_naiti_proizvodnuju.html,proizvodnaya_slozhnoi_funkcii.html,mnozhestva.html,kak_naiti_proizvodnuju.html,chastnye_proizvodnye_primery.html,proizvodnye_vysshih_porjadkov.html,tipovye_zadachi_s_proizvodnoi.html,http://mathprofi.ru/scripts/call.html,
tipovye_zadachi_s_proizvodnoi.html,lekcii_po_vysshei_matematike.html,kak_naiti_proizvodnuju.html,proizvodnaya_slozhnoi_funkcii.html,slozhnye_proizvodnye_logarifmicheskaja_proizvodnaja.html,vozrastanie_ubyvanie_ekstremumy_funkcii.html,vypuklost_vognutost_tochki_peregiba_grafika.html,polnoe_issledovanie_funkcii_i_postroenie_grafika.html,grafiki_i_svoistva_funkcij.html,grafiki_i_svoistva_funkcij.html,opredelenie_proizvodnoi_smysl_proizvodnoi.html,uravnenie_pryamoi_na_ploskosti.html,uravnenie_pryamoi_na_ploskosti.html,uravnenie_pryamoi_na_ploskosti.html,opredelenie_proizvodnoi_smysl_proizvodnoi.html,kak_naiti_uravnenie_normali.html,opredelenie_proizvodnoi_smysl_proizvodnoi.html,priblizhennye_vychislenija_s_pomoshju_differenciala.html,opredelenie_proizvodnoi_smysl_proizvodnoi.html,opredelenie_proizvodnoi_smysl_proizvodnoi.html,chastnye_proizvodnye_primery.html,vypuklost_vognutost_tochki_peregiba_grafika.html,proizvodnye_vysshih_porjadkov.html,proizvodnye_vysshih_porjadkov.html,http://mathprofi.ru/scripts/call.html,
proizvodnye_vysshih_porjadkov.html,lekcii_po_vysshei_matematike.html,proizvodnye_neyavnoi_parametricheskoi_funkcii.html,kak_naiti_proizvodnuju.html,proizvodnaya_slozhnoi_funkcii.html,tipovye_zadachi_s_proizvodnoi.html,predel_posledovatelnosti.html,predel_posledovatelnosti.html,mnozhestva.html,grafiki_i_svoistva_funkcij.html,chto_takoe_integral_teorija_dlja_chainikov.html,zadachi_po_kombinatorike_primery_reshenij.html,slozhnye_proizvodnye_logarifmicheskaja_proizvodnaja.html,proizvodnye_neyavnoi_parametricheskoi_funkcii.html,linii_vtorogo_poryadka_ellips_i_okruzhnost.html,giperbola_i_parabola.html,giperbola_i_parabola.html,giperbola_i_parabola.html,giperbola_i_parabola.html,linii_vtorogo_poryadka_ellips_i_okruzhnost.html,kak_naiti_uravnenie_normali.html,idz_ryabushko_besplatno.html,matematika_dlya_chainikov.html,proizvodnye_neyavnoi_parametricheskoi_funkcii.html,slozhnye_ryady.html,http://mathprofi.ru/scripts/call.html,
opredelenie_proizvodnoi_smysl_proizvodnoi.html,lekcii_po_vysshei_matematike.html,predely_primery_reshenii.html,beskonechno_malye_funkcii_zamechatelnye_ekvivalentnosti.html,predely_primery_reshenii.html,kak_naiti_proizvodnuju.html,proizvodnaya_slozhnoi_funkcii.html,slozhnye_proizvodnye_logarifmicheskaja_proizvodnaja.html,tipovye_zadachi_s_proizvodnoi.html,vozrastanie_ubyvanie_ekstremumy_funkcii.html,grafiki_i_svoistva_funkcij.html,nepreryvnost_funkcii_i_tochki_razryva.html,vozrastanie_ubyvanie_ekstremumy_funkcii.html,beskonechno_malye_funkcii_zamechatelnye_ekvivalentnosti.html,nepreryvnost_funkcii_i_tochki_razryva.html,oblast_opredeleniya.html,predely_po_koshi.html,beskonechno_malye_funkcii_zamechatelnye_ekvivalentnosti.html,vektory_dlya_chainikov.html,uravnenie_pryamoi_na_ploskosti.html,tipovye_zadachi_s_proizvodnoi.html,nepreryvnost_funkcii_i_tochki_razryva.html,nepreryvnost_funkcii_i_tochki_razryva.html,kak_postroit_grafik_funkcii_s_pomoshyu_preobrazovanii.html,nepreryvnost_funkcii_i_tochki_razryva.html,proizvodnaya_po_opredeleniju_primery_reshenii.html,nepreryvnost_funkcii_i_tochki_razryva.html,metody_reshenija_opredelennyh_i_nesobstvennyh_integralov.html,beskonechno_malye_funkcii_zamechatelnye_ekvivalentnosti.html,priblizhennye_vychislenija_s_pomoshju_differenciala.html,kak_naiti_proizvodnuju.html,differencialnye_uravnenija_primery_reshenii.html,oblast_opredeleniya.html,vozrastanie_ubyvanie_ekstremumy_funkcii.html,vozrastanie_ubyvanie_ekstremumy_funkcii.html,beskonechno_malye_funkcii_zamechatelnye_ekvivalentnosti.html,kak_naiti_proizvodnuju.html,uravnenie_pryamoi_na_ploskosti.html,oblast_opredeleniya.html,proizvodnaya_po_opredeleniju_primery_reshenii.html,kak_naiti_uravnenie_normali.html,vozrastanie_ubyvanie_ekstremumy_funkcii.html,http://mathprofi.ru/scripts/call.html,
proizvodnaya_po_opredeleniju_primery_reshenii.html,lekcii_po_vysshei_matematike.html,opredelenie_proizvodnoi_smysl_proizvodnoi.html,kak_naiti_proizvodnuju.html,proizvodnaya_slozhnoi_funkcii.html,predely_primery_reshenii.html,oblast_opredeleniya.html,opredelenie_proizvodnoi_smysl_proizvodnoi.html,oblast_opredeleniya.html,oblast_opredeleniya.html,predely_primery_reshenii.html,oblast_opredeleniya.html,beskonechno_malye_funkcii_zamechatelnye_ekvivalentnosti.html,proizvodnaya_slozhnoi_funkcii.html,zamechatelnye_predely.html,zamechatelnye_predely.html,nepreryvnost_funkcii_i_tochki_razryva.html,opredelenie_proizvodnoi_smysl_proizvodnoi.html,kak_naiti_uravnenie_normali.html,opredelenie_proizvodnoi_smysl_proizvodnoi.html,http://mathprofi.ru/scripts/call.html,
kak_naiti_uravnenie_normali.html,lekcii_po_vysshei_matematike.html,grafiki_i_svoistva_funkcij.html,opredelenie_proizvodnoi_smysl_proizvodnoi.html,kak_naiti_proizvodnuju.html,proizvodnaya_slozhnoi_funkcii.html,tipovye_zadachi_s_proizvodnoi.html,tipovye_zadachi_s_proizvodnoi.html,proizvodnye_neyavnoi_parametricheskoi_funkcii.html,proizvodnye_neyavnoi_parametricheskoi_funkcii.html,opredelenie_proizvodnoi_smysl_proizvodnoi.html,tipovye_zadachi_s_proizvodnoi.html,vozrastanie_ubyvanie_ekstremumy_funkcii.html,opredelenie_proizvodnoi_smysl_proizvodnoi.html,uravnenie_pryamoi_na_ploskosti.html,vektory_dlya_chainikov.html,tipovye_zadachi_s_proizvodnoi.html,uravnenie_pryamoi_na_ploskosti.html,uravnenie_pryamoi_na_ploskosti.html,zadachi_s_pryamoi_na_ploskosti.html,kak_naiti_proizvodnuju.html,proizvodnaya_slozhnoi_funkcii.html,tipovye_zadachi_s_proizvodnoi.html,uravnenie_pryamoi_na_ploskosti.html,uravnenie_pryamoi_na_ploskosti.html,skaljarnoe_proizvedenie_vektorov.html,uravnenie_pryamoi_na_ploskosti.html,linii_vtorogo_poryadka_ellips_i_okruzhnost.html,opredelenie_proizvodnoi_smysl_proizvodnoi.html,opredelenie_proizvodnoi_smysl_proizvodnoi.html,proizvodnaya_po_opredeleniju_primery_reshenii.html,vozrastanie_ubyvanie_ekstremumy_funkcii.html,proizvodnaya_po_opredeleniju_primery_reshenii.html,proizvodnye_neyavnoi_parametricheskoi_funkcii.html,linii_vtorogo_poryadka_ellips_i_okruzhnost.html,proizvodnye_neyavnoi_parametricheskoi_funkcii.html,linii_vtorogo_poryadka_ellips_i_okruzhnost.html,proizvodnye_neyavnoi_parametricheskoi_funkcii.html,proizvodnye_neyavnoi_parametricheskoi_funkcii.html,ploshad_i_obyem_esli_linija_zadana_parametricheski.html,ploshad_i_obyem_esli_linija_zadana_parametricheski.html,proizvodnye_neyavnoi_parametricheskoi_funkcii.html,matematicheskie_formuly.html,http://mathprofi.ru/scripts/call.html,
priblizhennye_vychislenija_s_pomoshju_differenciala.html,lekcii_po_vysshei_matematike.html,kak_naiti_proizvodnuju.html,tipovye_zadachi_s_proizvodnoi.html,funkcija_dvuh_peremennyh_oblast_opredelenija_linii_urovnja.html,opredelenie_proizvodnoi_smysl_proizvodnoi.html,opredelenie_proizvodnoi_smysl_proizvodnoi.html,opredelenie_proizvodnoi_smysl_proizvodnoi.html,chastnye_proizvodnye_primery.html,chastnye_proizvodnye_primery.html,http://mathprofi.ru/scripts/call.html,
metod_kasatelnyh.html,lekcii_po_vysshei_matematike.html,mnozhestva.html,uravnenija_v_vysshei_matematike.html,mnozhestva.html,grafiki_i_svoistva_funkcij.html,uravnenija_v_vysshei_matematike.html,mnozhestva.html,uravnenija_v_vysshei_matematike.html,grafiki_i_svoistva_funkcij.html,nepreryvnost_funkcii_i_tochki_razryva.html,opredelenie_proizvodnoi_smysl_proizvodnoi.html,uravnenija_v_vysshei_matematike.html,uravnenija_v_vysshei_matematike.html,uravnenie_pryamoi_na_ploskosti.html,grafiki_i_svoistva_funkcij.html,kak_naiti_proizvodnuju.html,tipovye_zadachi_s_proizvodnoi.html,http://mathprofi.ru/scripts/call.html,
grafiki_i_svoistva_funkcij.html,lekcii_po_vysshei_matematike.html,mnozhestva.html,mnozhestva.html,kak_postroit_grafik_funkcii_s_pomoshyu_preobrazovanii.html,linejnaja_nezavisimost_vektorov_bazis_vektorov.html,lineinye_neravenstva.html,uravnenie_pryamoi_na_ploskosti.html,oblast_opredeleniya.html,predely_primery_reshenii.html,vychislenie_ploshadi_c_pomoshju_opredelennogo_integrala.html,kak_naiti_proizvodnuju.html,opredelenie_proizvodnoi_smysl_proizvodnoi.html,vozrastanie_ubyvanie_ekstremumy_funkcii.html,giperbola_i_parabola.html,oblast_opredeleniya.html,polnoe_issledovanie_funkcii_i_postroenie_grafika.html,giperbola_i_parabola.html,oblast_opredeleniya.html,oblast_opredeleniya.html,nepreryvnost_funkcii_i_tochki_razryva.html,asimptoty_grafika_funkcii.html,asimptoty_grafika_funkcii.html,asimptoty_grafika_funkcii.html,kak_postroit_grafik_funkcii_s_pomoshyu_preobrazovanii.html,giperbola_i_parabola.html,oblast_opredeleniya.html,asimptoty_grafika_funkcii.html,kak_postroit_grafik_funkcii_s_pomoshyu_preobrazovanii.html,oblast_opredeleniya.html,asimptoty_grafika_funkcii.html,oblast_opredeleniya.html,kak_postroit_grafik_funkcii_s_pomoshyu_preobrazovanii.html,oblast_opredeleniya.html,oblast_opredeleniya.html,oblast_opredeleniya.html,kak_postroit_grafik_funkcii_s_pomoshyu_preobrazovanii.html,http://mathprofi.ru/scripts/call.html,
kak_postroit_grafik_funkcii_s_pomoshyu_preobrazovanii.html,lekcii_po_vysshei_matematike.html,polnoe_issledovanie_funkcii_i_postroenie_grafika.html,vektory_dlya_chainikov.html,grafiki_i_svoistva_funkcij.html,polnoe_issledovanie_funkcii_i_postroenie_grafika.html,grafiki_i_svoistva_funkcij.html,nepreryvnost_funkcii_i_tochki_razryva.html,vychislenie_ploshadi_c_pomoshju_opredelennogo_integrala.html,obyem_tela_vrashenija.html,dvoinye_integraly_dlya_chainikov.html,proizvodnye_neyavnoi_parametricheskoi_funkcii.html,tipovye_zadachi_s_proizvodnoi.html,grafiki_i_svoistva_funkcij.html,oblast_opredeleniya.html,uravnenie_pryamoi_na_ploskosti.html,asimptoty_grafika_funkcii.html,grafiki_i_svoistva_funkcij.html,giperbola_i_parabola.html,vychislenie_ploshadi_c_pomoshju_opredelennogo_integrala.html,dvoinye_integraly_dlya_chainikov.html,asimptoty_grafika_funkcii.html,grafiki_i_svoistva_funkcij.html,integrirovanie_drobei.html,integrirovanie_drobei.html,matematicheskie_formuly.html,formula_simpsona_metod_trapecij.html,http://mathprofi.ru/scripts/call.html,
nepreryvnost_funkcii_i_tochki_razryva.html,lekcii_po_vysshei_matematike.html,predely_primery_reshenii.html,predely_primery_reshenii.html,grafiki_i_svoistva_funkcij.html,kak_postroit_grafik_funkcii_s_pomoshyu_preobrazovanii.html,oblast_opredeleniya.html,oblast_opredeleniya.html,grafiki_i_svoistva_funkcij.html,predely_primery_reshenii.html,beskonechno_malye_funkcii_zamechatelnye_ekvivalentnosti.html,grafiki_i_svoistva_funkcij.html,oblast_opredeleniya.html,naibolshee_i_naimenshee_znacheniya_funkcii_na_otrezke.html,kak_postroit_grafik_funkcii_s_pomoshyu_preobrazovanii.html,grafiki_i_svoistva_funkcij.html,asimptoty_grafika_funkcii.html,asimptoty_grafika_funkcii.html,kak_postroit_grafik_funkcii_s_pomoshyu_preobrazovanii.html,asimptoty_grafika_funkcii.html,http://mathprofi.ru/scripts/call.html,
oblast_opredeleniya.html,lekcii_po_vysshei_matematike.html,mnozhestva.html,grafiki_i_svoistva_funkcij.html,mnozhestva.html,mnozhestva.html,mnozhestva.html,mnozhestva.html,grafiki_i_svoistva_funkcij.html,mnozhestva.html,mnozhestva.html,nepreryvnost_funkcii_i_tochki_razryva.html,asimptoty_grafika_funkcii.html,nepreryvnost_funkcii_i_tochki_razryva.html,polnoe_issledovanie_funkcii_i_postroenie_grafika.html,lineinye_neravenstva.html,grafiki_i_svoistva_funkcij.html,nuli_funkcii_intervaly_znakopostoyanstva_metod_intervalov.html,polnoe_issledovanie_funkcii_i_postroenie_grafika.html,funkcija_dvuh_peremennyh_oblast_opredelenija_linii_urovnja.html,nuli_funkcii_intervaly_znakopostoyanstva_metod_intervalov.html,grafiki_i_svoistva_funkcij.html,mnozhestva.html,grafiki_i_svoistva_funkcij.html,mnozhestva.html,kak_postroit_grafik_funkcii_s_pomoshyu_preobrazovanii.html,nepreryvnost_funkcii_i_tochki_razryva.html,nuli_funkcii_intervaly_znakopostoyanstva_metod_intervalov.html,http://mathprofi.ru/scripts/call.html,
asimptoty_grafika_funkcii.html,lekcii_po_vysshei_matematike.html,polnoe_issledovanie_funkcii_i_postroenie_grafika.html,predely_primery_reshenii.html,predely_primery_reshenii.html,grafiki_i_svoistva_funkcij.html,uravnenie_pryamoi_na_ploskosti.html,uravnenie_pryamoi_na_ploskosti.html,grafiki_i_svoistva_funkcij.html,uravnenie_pryamoi_na_ploskosti.html,predely_primery_reshenii.html,nepreryvnost_funkcii_i_tochki_razryva.html,nepreryvnost_funkcii_i_tochki_razryva.html,grafiki_i_svoistva_funkcij.html,beskonechno_malye_funkcii_zamechatelnye_ekvivalentnosti.html,pravila_lopitalya.html,nepreryvnost_funkcii_i_tochki_razryva.html,nepreryvnost_funkcii_i_tochki_razryva.html,metody_resheniya_predelov_neopredelennosti.html,polnoe_issledovanie_funkcii_i_postroenie_grafika.html,kak_postroit_grafik_funkcii_s_pomoshyu_preobrazovanii.html,nepreryvnost_funkcii_i_tochki_razryva.html,polnoe_issledovanie_funkcii_i_postroenie_grafika.html,metody_resheniya_predelov_neopredelennosti.html,metody_resheniya_predelov_neopredelennosti.html,nepreryvnost_funkcii_i_tochki_razryva.html,metody_resheniya_predelov_neopredelennosti.html,nepreryvnost_funkcii_i_tochki_razryva.html,slozhnye_predely.html,oblast_opredeleniya.html,giperbola_i_parabola.html,oblast_opredeleniya.html,nepreryvnost_funkcii_i_tochki_razryva.html,metody_resheniya_predelov_neopredelennosti.html,pravila_lopitalya.html,oblast_opredeleniya.html,oblast_opredeleniya.html,nuli_funkcii_intervaly_znakopostoyanstva_metod_intervalov.html,pravila_lopitalya.html,http://mathprofi.ru/scripts/call.html,
nuli_funkcii_intervaly_znakopostoyanstva_metod_intervalov.html,lekcii_po_vysshei_matematike.html,opredelenie_proizvodnoi_smysl_proizvodnoi.html,grafiki_i_svoistva_funkcij.html,oblast_opredeleniya.html,asimptoty_grafika_funkcii.html,oblast_opredeleniya.html,oblast_opredeleniya.html,nepreryvnost_funkcii_i_tochki_razryva.html,oblast_opredeleniya.html,oblast_opredeleniya.html,oblast_opredeleniya.html,kak_postroit_grafik_funkcii_s_pomoshyu_preobrazovanii.html,nepreryvnost_funkcii_i_tochki_razryva.html,nepreryvnost_funkcii_i_tochki_razryva.html,oblast_opredeleniya.html,oblast_opredeleniya.html,oblast_opredeleniya.html,oblast_opredeleniya.html,oblast_opredeleniya.html,polnoe_issledovanie_funkcii_i_postroenie_grafika.html,oblast_opredeleniya.html,oblast_opredeleniya.html,polnoe_issledovanie_funkcii_i_postroenie_grafika.html,http://mathprofi.ru/scripts/call.html,
vozrastanie_ubyvanie_ekstremumy_funkcii.html,lekcii_po_vysshei_matematike.html,polnoe_issledovanie_funkcii_i_postroenie_grafika.html,opredelenie_proizvodnoi_smysl_proizvodnoi.html,nepreryvnost_funkcii_i_tochki_razryva.html,nuli_funkcii_intervaly_znakopostoyanstva_metod_intervalov.html,predely_po_koshi.html,opredelenie_proizvodnoi_smysl_proizvodnoi.html,opredelenie_proizvodnoi_smysl_proizvodnoi.html,opredelenie_proizvodnoi_smysl_proizvodnoi.html,grafiki_i_svoistva_funkcij.html,oblast_opredeleniya.html,opredelenie_proizvodnoi_smysl_proizvodnoi.html,oblast_opredeleniya.html,kak_postroit_grafik_funkcii_s_pomoshyu_preobrazovanii.html,oblast_opredeleniya.html,opredelenie_proizvodnoi_smysl_proizvodnoi.html,oblast_opredeleniya.html,nepreryvnost_funkcii_i_tochki_razryva.html,polnoe_issledovanie_funkcii_i_postroenie_grafika.html,nepreryvnost_funkcii_i_tochki_razryva.html,nuli_funkcii_intervaly_znakopostoyanstva_metod_intervalov.html,nuli_funkcii_intervaly_znakopostoyanstva_metod_intervalov.html,zadachi_na_minimumy_i_maksimumy.html,polnoe_issledovanie_funkcii_i_postroenie_grafika.html,zadachi_na_minimumy_i_maksimumy.html,grafiki_i_svoistva_funkcij.html,opredelenie_proizvodnoi_smysl_proizvodnoi.html,nuli_funkcii_intervaly_znakopostoyanstva_metod_intervalov.html,oblast_opredeleniya.html,asimptoty_grafika_funkcii.html,vypuklost_vognutost_tochki_peregiba_grafika.html,nepreryvnost_funkcii_i_tochki_razryva.html,oblast_opredeleniya.html,nuli_funkcii_intervaly_znakopostoyanstva_metod_intervalov.html,oblast_opredeleniya.html,oblast_opredeleniya.html,opredelenie_proizvodnoi_smysl_proizvodnoi.html,matematicheskaya_statistika.html,http://mathprofi.ru/scripts/call.html,
vypuklost_vognutost_tochki_peregiba_grafika.html,lekcii_po_vysshei_matematike.html,polnoe_issledovanie_funkcii_i_postroenie_grafika.html,nepreryvnost_funkcii_i_tochki_razryva.html,oblast_opredeleniya.html,nuli_funkcii_intervaly_znakopostoyanstva_metod_intervalov.html,asimptoty_grafika_funkcii.html,vozrastanie_ubyvanie_ekstremumy_funkcii.html,nepreryvnost_funkcii_i_tochki_razryva.html,kak_postroit_grafik_funkcii_s_pomoshyu_preobrazovanii.html,oblast_opredeleniya.html,vozrastanie_ubyvanie_ekstremumy_funkcii.html,tipovye_zadachi_s_proizvodnoi.html,nepreryvnost_funkcii_i_tochki_razryva.html,oblast_opredeleniya.html,oblast_opredeleniya.html,vozrastanie_ubyvanie_ekstremumy_funkcii.html,oblast_opredeleniya.html,nepreryvnost_funkcii_i_tochki_razryva.html,nuli_funkcii_intervaly_znakopostoyanstva_metod_intervalov.html,proizvodnaya_slozhnoi_funkcii.html,vozrastanie_ubyvanie_ekstremumy_funkcii.html,nuli_funkcii_intervaly_znakopostoyanstva_metod_intervalov.html,vozrastanie_ubyvanie_ekstremumy_funkcii.html,asimptoty_grafika_funkcii.html,asimptoty_grafika_funkcii.html,vozrastanie_ubyvanie_ekstremumy_funkcii.html,vozrastanie_ubyvanie_ekstremumy_funkcii.html,polnoe_issledovanie_funkcii_i_postroenie_grafika.html,kak_naiti_proizvodnuju.html,nuli_funkcii_intervaly_znakopostoyanstva_metod_intervalov.html,nepreryvnost_funkcii_i_tochki_razryva.html,oblast_opredeleniya.html,asimptoty_grafika_funkcii.html,nepreryvnost_funkcii_i_tochki_razryva.html,oblast_opredeleniya.html,grafiki_i_svoistva_funkcij.html,kak_postroit_grafik_funkcii_s_pomoshyu_preobrazovanii.html,oblast_opredeleniya.html,vozrastanie_ubyvanie_ekstremumy_funkcii.html,polnoe_issledovanie_funkcii_i_postroenie_grafika.html,http://mathprofi.ru/scripts/call.html,
polnoe_issledovanie_funkcii_i_postroenie_grafika.html,lekcii_po_vysshei_matematike.html,grafiki_i_svoistva_funkcij.html,kak_postroit_grafik_funkcii_s_pomoshyu_preobrazovanii.html,matematicheskie_formuly.html,oblast_opredeleniya.html,nepreryvnost_funkcii_i_tochki_razryva.html,asimptoty_grafika_funkcii.html,nuli_funkcii_intervaly_znakopostoyanstva_metod_intervalov.html,vozrastanie_ubyvanie_ekstremumy_funkcii.html,vypuklost_vognutost_tochki_peregiba_grafika.html,asimptoty_grafika_funkcii.html,asimptoty_grafika_funkcii.html,metody_resheniya_predelov_neopredelennosti.html,beskonechno_malye_funkcii_zamechatelnye_ekvivalentnosti.html,nepreryvnost_funkcii_i_tochki_razryva.html,slozhnye_predely.html,nuli_funkcii_intervaly_znakopostoyanstva_metod_intervalov.html,vozrastanie_ubyvanie_ekstremumy_funkcii.html,oblast_opredeleniya.html,nepreryvnost_funkcii_i_tochki_razryva.html,asimptoty_grafika_funkcii.html,asimptoty_grafika_funkcii.html,pravila_lopitalya.html,skachat_primery_po_vysshei_matematike.html,http://mathprofi.ru/scripts/call.html,
naibolshee_i_naimenshee_znacheniya_funkcii_na_otrezke.html,lekcii_po_vysshei_matematike.html,kak_naiti_proizvodnuju.html,vozrastanie_ubyvanie_ekstremumy_funkcii.html,nepreryvnost_funkcii_i_tochki_razryva.html,vozrastanie_ubyvanie_ekstremumy_funkcii.html,grafiki_i_svoistva_funkcij.html,vozrastanie_ubyvanie_ekstremumy_funkcii.html,http://mathprofi.ru/scripts/call.html,
zadachi_na_minimumy_i_maksimumy.html,lekcii_po_vysshei_matematike.html,opredelenie_proizvodnoi_smysl_proizvodnoi.html,kak_naiti_proizvodnuju.html,opredelenie_proizvodnoi_smysl_proizvodnoi.html,vozrastanie_ubyvanie_ekstremumy_funkcii.html,proizvodnaya_slozhnoi_funkcii.html,vozrastanie_ubyvanie_ekstremumy_funkcii.html,tipovye_zadachi_s_proizvodnoi.html,zadachi_s_pryamoi_na_ploskosti.html,zadachi_s_pryamoi_na_ploskosti.html,kak_naiti_uravnenie_normali.html,zadachi_s_pryamoi_na_ploskosti.html,opredelenie_proizvodnoi_smysl_proizvodnoi.html,zadachi_s_pryamoi_na_ploskosti.html,grafiki_i_svoistva_funkcij.html,linii_vtorogo_poryadka_ellips_i_okruzhnost.html,vozrastanie_ubyvanie_ekstremumy_funkcii.html,opredelenie_proizvodnoi_smysl_proizvodnoi.html,opredelenie_proizvodnoi_smysl_proizvodnoi.html,kak_naiti_proizvodnuju.html,nuli_funkcii_intervaly_znakopostoyanstva_metod_intervalov.html,http://mathprofi.ru/scripts/call.html,
funkcija_dvuh_peremennyh_oblast_opredelenija_linii_urovnja.html,lekcii_po_vysshei_matematike.html,poverhnosti.html,vektory_dlya_chainikov.html,uravnenie_ploskosti.html,oblast_opredeleniya.html,lineinye_neravenstva.html,lineinye_neravenstva.html,lineinye_neravenstva.html,linii_vtorogo_poryadka_ellips_i_okruzhnost.html,poverhnosti.html,linii_vtorogo_poryadka_ellips_i_okruzhnost.html,linii_vtorogo_poryadka_ellips_i_okruzhnost.html,giperbola_i_parabola.html,giperbola_i_parabola.html,lineinye_neravenstva.html,poverhnosti.html,lineinye_neravenstva.html,grafiki_i_svoistva_funkcij.html,giperbola_i_parabola.html,lineinye_neravenstva.html,oblast_opredeleniya.html,lineinye_neravenstva.html,poverhnosti.html,poverhnosti.html,linii_vtorogo_poryadka_ellips_i_okruzhnost.html,poverhnosti.html,extremumy_funkcij_dvuh_i_treh_peremennyh.html,http://mathprofi.ru/scripts/call.html,
poverhnosti.html,lekcii_po_vysshei_matematike.html,grafiki_i_svoistva_funkcij.html,grafiki_i_svoistva_funkcij.html,uravnenija_pryamoi_v_prostranstve.html,treugolnaya_piramida.html,funkcija_dvuh_peremennyh_oblast_opredelenija_linii_urovnja.html,vektory_dlya_chainikov.html,funkcija_dvuh_peremennyh_oblast_opredelenija_linii_urovnja.html,uravnenie_ploskosti.html,uravnenie_ploskosti.html,uravnenija_pryamoi_v_prostranstve.html,uravnenie_ploskosti.html,linii_vtorogo_poryadka_ellips_i_okruzhnost.html,linii_vtorogo_poryadka_ellips_i_okruzhnost.html,linii_vtorogo_poryadka_ellips_i_okruzhnost.html,funkcija_dvuh_peremennyh_oblast_opredelenija_linii_urovnja.html,linii_vtorogo_poryadka_ellips_i_okruzhnost.html,giperbola_i_parabola.html,funkcija_dvuh_peremennyh_oblast_opredelenija_linii_urovnja.html,giperbola_i_parabola.html,grafiki_i_svoistva_funkcij.html,linii_vtorogo_poryadka_ellips_i_okruzhnost.html,linii_vtorogo_poryadka_ellips_i_okruzhnost.html,funkcija_dvuh_peremennyh_oblast_opredelenija_linii_urovnja.html,funkcija_dvuh_peremennyh_oblast_opredelenija_linii_urovnja.html,linii_vtorogo_poryadka_ellips_i_okruzhnost.html,linii_vtorogo_poryadka_ellips_i_okruzhnost.html,linii_vtorogo_poryadka_ellips_i_okruzhnost.html,linii_vtorogo_poryadka_ellips_i_okruzhnost.html,giperbola_i_parabola.html,linii_vtorogo_poryadka_ellips_i_okruzhnost.html,funkcija_dvuh_peremennyh_oblast_opredelenija_linii_urovnja.html,extremumy_funkcij_dvuh_i_treh_peremennyh.html,funkcija_dvuh_peremennyh_oblast_opredelenija_linii_urovnja.html,http://mathprofi.ru/scripts/call.html,
predel_funkcii_dvuh_peremennyh.html,lekcii_po_vysshei_matematike.html,funkcija_dvuh_peremennyh_oblast_opredelenija_linii_urovnja.html,predely_primery_reshenii.html,predely_po_koshi.html,linejnaja_nezavisimost_vektorov_bazis_vektorov.html,poverhnosti.html,funkcija_dvuh_peremennyh_oblast_opredelenija_linii_urovnja.html,predely_po_koshi.html,nepreryvnost_funkcii_dvuh_peremennyh.html,funkcija_dvuh_peremennyh_oblast_opredelenija_linii_urovnja.html,uravnenie_ploskosti.html,uravnenie_pryamoi_na_ploskosti.html,predely_po_koshi.html,predely_po_koshi.html,poverhnosti.html,nepreryvnost_funkcii_dvuh_peremennyh.html,beskonechno_malye_funkcii_zamechatelnye_ekvivalentnosti.html,poljarnye_koordinaty.html,metody_resheniya_predelov_neopredelennosti.html,poljarnye_koordinaty.html,poljarnye_koordinaty.html,nepreryvnost_funkcii_dvuh_peremennyh.html,metody_resheniya_predelov_neopredelennosti.html,metody_resheniya_predelov_neopredelennosti.html,nepreryvnost_funkcii_dvuh_peremennyh.html,slozhnye_predely.html,zamechatelnye_predely.html,beskonechno_malye_funkcii_zamechatelnye_ekvivalentnosti.html,zamechatelnye_predely.html,povtornye_predely.html,nepreryvnost_funkcii_dvuh_peremennyh.html,http://mathprofi.ru/scripts/call.html,
povtornye_predely.html,lekcii_po_vysshei_matematike.html,predel_funkcii_dvuh_peremennyh.html,predel_funkcii_dvuh_peremennyh.html,nepreryvnost_funkcii_dvuh_peremennyh.html,predel_funkcii_dvuh_peremennyh.html,uravnenie_pryamoi_na_ploskosti.html,predel_funkcii_dvuh_peremennyh.html,predely_primery_reshenii.html,predel_funkcii_dvuh_peremennyh.html,predely_primery_reshenii.html,predely_primery_reshenii.html,predel_funkcii_dvuh_peremennyh.html,beskonechno_malye_funkcii_zamechatelnye_ekvivalentnosti.html,http://mathprofi.ru/scripts/call.html,
nepreryvnost_funkcii_dvuh_peremennyh.html,lekcii_po_vysshei_matematike.html,predel_funkcii_dvuh_peremennyh.html,funkcija_dvuh_peremennyh_oblast_opredelenija_linii_urovnja.html,poverhnosti.html,nepreryvnost_funkcii_i_tochki_razryva.html,grafiki_i_svoistva_funkcij.html,predel_funkcii_dvuh_peremennyh.html,predel_funkcii_dvuh_peremennyh.html,predel_funkcii_dvuh_peremennyh.html,uravnenie_pryamoi_na_ploskosti.html,funkcija_dvuh_peremennyh_oblast_opredelenija_linii_urovnja.html,uravnenie_ploskosti.html,asimptoty_grafika_funkcii.html,predel_funkcii_dvuh_peremennyh.html,funkcija_dvuh_peremennyh_oblast_opredelenija_linii_urovnja.html,uravnenie_pryamoi_na_ploskosti.html,uravnenie_ploskosti.html,poverhnosti.html,linii_vtorogo_poryadka_ellips_i_okruzhnost.html,poverhnosti.html,predel_funkcii_dvuh_peremennyh.html,predely_primery_reshenii.html,povtornye_predely.html,predel_funkcii_dvuh_peremennyh.html,chastnye_proizvodnye_primery.html,predel_funkcii_dvuh_peremennyh.html,metody_resheniya_predelov_neopredelennosti.html,http://mathprofi.ru/scripts/call.html,
chastnye_proizvodnye_primery.html,lekcii_po_vysshei_matematike.html,funkcija_dvuh_peremennyh_oblast_opredelenija_linii_urovnja.html,kak_naiti_proizvodnuju.html,proizvodnaya_slozhnoi_funkcii.html,matematicheskie_formuly.html,funkcija_dvuh_peremennyh_oblast_opredelenija_linii_urovnja.html,poverhnosti.html,opredelenie_proizvodnoi_smysl_proizvodnoi.html,poverhnosti.html,funkcija_dvuh_peremennyh_oblast_opredelenija_linii_urovnja.html,extremumy_funkcij_dvuh_i_treh_peremennyh.html,kak_naiti_proizvodnuju.html,proizvodnaya_slozhnoi_funkcii.html,chastnye_proizvodnye_funkcii_treh_peremennyh.html,proizvodnye_slozhnyh_funkcij_neskolkih_peremennyh.html,kak_proverit_udovletvorjaet_li_funkcija_uravneniju.html,chastnye_proizvodnye_nejavno_zadannoj_funkcii.html,proizvodnaja_po_napravleniju_i_gradient.html,http://mathprofi.ru/scripts/call.html,
chastnye_proizvodnye_funkcii_treh_peremennyh.html,lekcii_po_vysshei_matematike.html,kak_naiti_proizvodnuju.html,chastnye_proizvodnye_primery.html,funkcija_dvuh_peremennyh_oblast_opredelenija_linii_urovnja.html,poverhnosti.html,kak_naiti_proizvodnuju.html,chastnye_proizvodnye_primery.html,proizvodnaya_slozhnoi_funkcii.html,proizvodnaya_slozhnoi_funkcii.html,proizvodnaya_slozhnoi_funkcii.html,chastnye_proizvodnye_primery.html,chastnye_proizvodnye_primery.html,http://mathprofi.ru/scripts/call.html,
proizvodnye_slozhnyh_funkcij_neskolkih_peremennyh.html,lekcii_po_vysshei_matematike.html,chastnye_proizvodnye_primery.html,chastnye_proizvodnye_funkcii_treh_peremennyh.html,proizvodnaya_slozhnoi_funkcii.html,idz_ryabushko_besplatno.html,chastnye_proizvodnye_funkcii_treh_peremennyh.html,chastnye_proizvodnye_primery.html,chastnye_proizvodnye_funkcii_treh_peremennyh.html,http://mathprofi.ru/scripts/call.html,
kak_proverit_udovletvorjaet_li_funkcija_uravneniju.html,lekcii_po_vysshei_matematike.html,opredelenie_proizvodnoi_smysl_proizvodnoi.html,kak_naiti_proizvodnuju.html,differencialnye_uravnenija_primery_reshenii.html,funkcija_dvuh_peremennyh_oblast_opredelenija_linii_urovnja.html,chastnye_proizvodnye_primery.html,chastnye_proizvodnye_primery.html,chastnye_proizvodnye_primery.html,chastnye_proizvodnye_primery.html,chastnye_proizvodnye_primery.html,chastnye_proizvodnye_primery.html,chastnye_proizvodnye_funkcii_treh_peremennyh.html,chastnye_proizvodnye_funkcii_treh_peremennyh.html,idz_ryabushko_besplatno.html,chastnye_proizvodnye_nejavno_zadannoj_funkcii.html,http://mathprofi.ru/scripts/call.html,
chastnye_proizvodnye_nejavno_zadannoj_funkcii.html,lekcii_po_vysshei_matematike.html,proizvodnye_neyavnoi_parametricheskoi_funkcii.html,chastnye_proizvodnye_primery.html,chastnye_proizvodnye_funkcii_treh_peremennyh.html,uravnenie_ploskosti.html,proizvodnye_neyavnoi_parametricheskoi_funkcii.html,chastnye_proizvodnye_primery.html,chastnye_proizvodnye_primery.html,proizvodnye_vysshih_porjadkov.html,poverhnosti.html,idz_ryabushko_besplatno.html,chastnye_proizvodnye_funkcii_treh_peremennyh.html,http://mathprofi.ru/scripts/call.html,
proizvodnaja_po_napravleniju_i_gradient.html,lekcii_po_vysshei_matematike.html,chastnye_proizvodnye_primery.html,opredelenie_proizvodnoi_smysl_proizvodnoi.html,funkcija_dvuh_peremennyh_oblast_opredelenija_linii_urovnja.html,poverhnosti.html,predel_funkcii_dvuh_peremennyh.html,grafiki_i_svoistva_funkcij.html,funkcija_dvuh_peremennyh_oblast_opredelenija_linii_urovnja.html,vektory_dlya_chainikov.html,chastnye_proizvodnye_primery.html,skaljarnoe_proizvedenie_vektorov.html,vektory_dlya_chainikov.html,opredelenie_proizvodnoi_smysl_proizvodnoi.html,zadachi_s_pryamoi_i_ploskostju.html,opredelenie_proizvodnoi_smysl_proizvodnoi.html,chastnye_proizvodnye_primery.html,opredelenie_proizvodnoi_smysl_proizvodnoi.html,uravnenie_ploskosti.html,predel_funkcii_dvuh_peremennyh.html,chastnye_proizvodnye_primery.html,funkcija_dvuh_peremennyh_oblast_opredelenija_linii_urovnja.html,vektory_dlya_chainikov.html,vektory_dlya_chainikov.html,skaljarnoe_proizvedenie_vektorov.html,uravnenie_ploskosti.html,skaljarnoe_proizvedenie_vektorov.html,opredelenie_proizvodnoi_smysl_proizvodnoi.html,vektory_dlya_chainikov.html,chastnye_proizvodnye_primery.html,funkcija_dvuh_peremennyh_oblast_opredelenija_linii_urovnja.html,teoriya_polya.html,uravnenie_pryamoi_na_ploskosti.html,funkcija_dvuh_peremennyh_oblast_opredelenija_linii_urovnja.html,chastnye_proizvodnye_funkcii_treh_peremennyh.html,skaljarnoe_proizvedenie_vektorov.html,chastnye_proizvodnye_funkcii_treh_peremennyh.html,chto_takoe_integral_teorija_dlja_chainikov.html,zadachi_s_pryamoi_na_ploskosti.html,http://mathprofi.ru/scripts/call.html,
kasatelnaja_ploskost_i_normal_k_poverhnosti_v_tochke.html,lekcii_po_vysshei_matematike.html,chastnye_proizvodnye_primery.html,tipovye_zadachi_s_proizvodnoi.html,kak_naiti_uravnenie_normali.html,poverhnosti.html,proizvodnaja_po_napravleniju_i_gradient.html,uravnenie_ploskosti.html,uravnenija_pryamoi_v_prostranstve.html,chastnye_proizvodnye_nejavno_zadannoj_funkcii.html,chastnye_proizvodnye_funkcii_treh_peremennyh.html,proizvodnaja_po_napravleniju_i_gradient.html,uravnenie_ploskosti.html,vektory_dlya_chainikov.html,uravnenie_ploskosti.html,uravnenija_pryamoi_v_prostranstve.html,uravnenija_pryamoi_v_prostranstve.html,uravnenija_pryamoi_v_prostranstve.html,poverhnosti.html,chastnye_proizvodnye_primery.html,chastnye_proizvodnye_primery.html,http://mathprofi.ru/scripts/call.html,
extremumy_funkcij_dvuh_i_treh_peremennyh.html,lekcii_po_vysshei_matematike.html,funkcija_dvuh_peremennyh_oblast_opredelenija_linii_urovnja.html,vozrastanie_ubyvanie_ekstremumy_funkcii.html,funkcija_dvuh_peremennyh_oblast_opredelenija_linii_urovnja.html,funkcija_dvuh_peremennyh_oblast_opredelenija_linii_urovnja.html,poverhnosti.html,funkcija_dvuh_peremennyh_oblast_opredelenija_linii_urovnja.html,naibolshee_i_naimenshee_znachenija_funkcii_v_oblasti.html,chastnye_proizvodnye_primery.html,poverhnosti.html,poverhnosti.html,proizvodnaja_po_napravleniju_i_gradient.html,proizvodnaja_po_napravleniju_i_gradient.html,chastnye_proizvodnye_primery.html,kak_reshit_sistemu_uravnenii.html,chastnye_proizvodnye_primery.html,naibolshee_i_naimenshee_znachenija_funkcii_v_oblasti.html,poverhnosti.html,kak_reshit_sistemu_uravnenii.html,nepreryvnost_funkcii_dvuh_peremennyh.html,vozrastanie_ubyvanie_ekstremumy_funkcii.html,chastnye_proizvodnye_funkcii_treh_peremennyh.html,chastnye_proizvodnye_funkcii_treh_peremennyh.html,metod_gaussa_dlya_chainikov.html,chastnye_proizvodnye_funkcii_treh_peremennyh.html,deistviya_s_matricami.html,kak_vychislit_opredelitel.html,kvadratichnye_formy.html,kvadratichnye_formy.html,uslovnye_extremumy.html,naibolshee_i_naimenshee_znachenija_funkcii_v_oblasti.html,metod_naimenshih_kvadratov.html,http://mathprofi.ru/scripts/call.html,
uslovnye_extremumy.html,lekcii_po_vysshei_matematike.html,funkcija_dvuh_peremennyh_oblast_opredelenija_linii_urovnja.html,chastnye_proizvodnye_funkcii_treh_peremennyh.html,poverhnosti.html,chastnye_proizvodnye_primery.html,extremumy_funkcij_dvuh_i_treh_peremennyh.html,poverhnosti.html,uravnenie_ploskosti.html,linejnaja_nezavisimost_vektorov_bazis_vektorov.html,extremumy_funkcij_dvuh_i_treh_peremennyh.html,poverhnosti.html,linii_vtorogo_poryadka_ellips_i_okruzhnost.html,poverhnosti.html,extremumy_funkcij_dvuh_i_treh_peremennyh.html,uravnenie_ploskosti.html,giperbola_i_parabola.html,vozrastanie_ubyvanie_ekstremumy_funkcii.html,zadachi_na_minimumy_i_maksimumy.html,extremumy_funkcij_dvuh_i_treh_peremennyh.html,chastnye_proizvodnye_primery.html,chastnye_proizvodnye_primery.html,chastnye_proizvodnye_primery.html,chastnye_proizvodnye_primery.html,kvadratichnye_formy.html,kvadratichnye_formy.html,deistviya_s_matricami.html,kak_vychislit_opredelitel.html,linii_vtorogo_poryadka_ellips_i_okruzhnost.html,poverhnosti.html,zadachi_na_minimumy_i_maksimumy.html,chastnye_proizvodnye_primery.html,chastnye_proizvodnye_primery.html,kvadratichnye_formy.html,kvadratichnye_formy.html,zadachi_na_minimumy_i_maksimumy.html,chastnye_proizvodnye_funkcii_treh_peremennyh.html,chastnye_proizvodnye_funkcii_treh_peremennyh.html,chastnye_proizvodnye_funkcii_treh_peremennyh.html,kvadratichnye_formy.html,chastnye_proizvodnye_funkcii_treh_peremennyh.html,kvadratichnye_formy.html,kvadratichnye_formy.html,kvadratichnye_formy.html,kvadratichnye_formy.html,kvadratichnye_formy.html,http://math1.ru/education/funct_sev_var/lagranj.html,kvadratichnye_formy.html,kvadratichnye_formy.html,kvadratichnye_formy.html,http://mathprofi.ru/scripts/call.html,
naibolshee_i_naimenshee_znachenija_funkcii_v_oblasti.html,lekcii_po_vysshei_matematike.html,funkcija_dvuh_peremennyh_oblast_opredelenija_linii_urovnja.html,naibolshee_i_naimenshee_znacheniya_funkcii_na_otrezke.html,uravnenie_pryamoi_na_ploskosti.html,lineinye_neravenstva.html,lineinye_neravenstva.html,nepreryvnost_funkcii_dvuh_peremennyh.html,poverhnosti.html,nepreryvnost_funkcii_dvuh_peremennyh.html,extremumy_funkcij_dvuh_i_treh_peremennyh.html,extremumy_funkcij_dvuh_i_treh_peremennyh.html,naibolshee_i_naimenshee_znacheniya_funkcii_na_otrezke.html,extremumy_funkcij_dvuh_i_treh_peremennyh.html,extremumy_funkcij_dvuh_i_treh_peremennyh.html,poverhnosti.html,grafiki_i_svoistva_funkcij.html,naibolshee_i_naimenshee_znacheniya_funkcii_na_otrezke.html,uravnenie_ploskosti.html,poverhnosti.html,funkcija_dvuh_peremennyh_oblast_opredelenija_linii_urovnja.html,uslovnye_extremumy.html,http://mathprofi.ru/scripts/call.html,
metod_naimenshih_kvadratov.html,lekcii_po_vysshei_matematike.html,funkcija_dvuh_peremennyh_oblast_opredelenija_linii_urovnja.html,matematicheskaya_statistika.html,linejnaja_nezavisimost_vektorov_bazis_vektorov.html,grafiki_i_svoistva_funkcij.html,uravnenie_pryamoi_na_ploskosti.html,grafiki_i_svoistva_funkcij.html,grafiki_i_svoistva_funkcij.html,grafiki_i_svoistva_funkcij.html,grafiki_i_svoistva_funkcij.html,uravnenie_pryamoi_na_ploskosti.html,grafiki_i_svoistva_funkcij.html,funkcija_dvuh_peremennyh_oblast_opredelenija_linii_urovnja.html,extremumy_funkcij_dvuh_i_treh_peremennyh.html,chastnye_proizvodnye_primery.html,kak_reshit_sistemu_uravnenii.html,pravilo_kramera_matrichnyi_metod.html,extremumy_funkcij_dvuh_i_treh_peremennyh.html,extremumy_funkcij_dvuh_i_treh_peremennyh.html,http://www.cleverstudents.ru/articles/mnk.html,kak_reshit_sistemu_uravnenii.html,kak_reshit_sistemu_uravnenii.html,pravilo_kramera_matrichnyi_metod.html,uravnenie_pryamoi_na_ploskosti.html,http://mathprofi.com/messages/1964-Kalkulyator-metoda-naimenshih-kvadratov.html,pravilo_kramera_matrichnyi_metod.html,extremumy_funkcij_dvuh_i_treh_peremennyh.html,kak_reshit_sistemu_uravnenii.html,http://mathprofi.ru/scripts/call.html,
integraly_primery_reshenij.html,lekcii_po_vysshei_matematike.html,chto_takoe_integral_teorija_dlja_chainikov.html,kak_naiti_proizvodnuju.html,proizvodnaya_slozhnoi_funkcii.html,matematicheskie_formuly.html,metod_zameny_peremennoi.html,integrirovanie_po_chastyam.html,integraly_ot_trigonometricheskih_funkcij.html,integrirovanie_drobei.html,integraly_ot_drobno_racionalnoj_funkcii.html,integrirovanie_kornei.html,opredelennye_integraly_primery_reshenij.html,nesobstvennye_integraly.html,differencialnye_uravnenija_primery_reshenii.html,teorija_verojatnostei.html,differencialnye_uravnenija_primery_reshenii.html,chto_takoe_integral_teorija_dlja_chainikov.html,chto_takoe_integral_teorija_dlja_chainikov.html,chto_takoe_integral_teorija_dlja_chainikov.html,chto_takoe_integral_teorija_dlja_chainikov.html,opredelenie_proizvodnoi_smysl_proizvodnoi.html,chto_takoe_integral_teorija_dlja_chainikov.html,integrirovanie_drobei.html,metod_zameny_peremennoi.html,http://mathprofi.ru/scripts/call.html,
metod_zameny_peremennoi.html,lekcii_po_vysshei_matematike.html,integraly_primery_reshenij.html,integraly_primery_reshenij.html,integrirovanie_drobei.html,integraly_ot_trigonometricheskih_funkcij.html,opredelennye_integraly_primery_reshenij.html,integrirovanie_kornei.html,http://mathprofi.ru/scripts/call.html,
integrirovanie_po_chastyam.html,lekcii_po_vysshei_matematike.html,integraly_primery_reshenij.html,metod_zameny_peremennoi.html,integraly_primery_reshenij.html,matematicheskie_formuly.html,integraly_primery_reshenij.html,grafiki_i_svoistva_funkcij.html,metod_zameny_peremennoi.html,integraly_ot_trigonometricheskih_funkcij.html,metod_zameny_peremennoi.html,slozhnye_integraly.html,integraly_ot_trigonometricheskih_funkcij.html,integrirovanie_drobei.html,http://mathprofi.ru/scripts/call.html,
integraly_ot_trigonometricheskih_funkcij.html,lekcii_po_vysshei_matematike.html,integraly_primery_reshenij.html,metod_zameny_peremennoi.html,matematicheskie_formuly.html,integrirovanie_po_chastyam.html,metod_zameny_peremennoi.html,vychislenie_ploshadi_c_pomoshju_opredelennogo_integrala.html,slozhnye_integraly.html,metod_zameny_peremennoi.html,metod_zameny_peremennoi.html,metod_zameny_peremennoi.html,integrirovanie_drobei.html,slozhnye_integraly.html,http://mathprofi.ru/scripts/call.html,
integrirovanie_drobei.html,lekcii_po_vysshei_matematike.html,integraly_primery_reshenij.html,metod_zameny_peremennoi.html,integraly_primery_reshenij.html,metod_zameny_peremennoi.html,integrirovanie_kornei.html,slozhnye_predely.html,integraly_ot_drobno_racionalnoj_funkcii.html,metod_zameny_peremennoi.html,kak_postroit_grafik_funkcii_s_pomoshyu_preobrazovanii.html,slozhnye_integraly.html,integraly_ot_drobno_racionalnoj_funkcii.html,http://mathprofi.ru/scripts/call.html,
integraly_ot_drobno_racionalnoj_funkcii.html,lekcii_po_vysshei_matematike.html,integrirovanie_drobei.html,integraly_primery_reshenij.html,kak_reshit_sistemu_uravnenii.html,integrirovanie_drobei.html,uravnenija_v_vysshei_matematike.html,uravnenija_v_vysshei_matematike.html,mnozhestva.html,kak_reshit_sistemu_uravnenii.html,metod_zameny_peremennoi.html,integrirovanie_drobei.html,integrirovanie_drobei.html,slozhnye_predely.html,integrirovanie_drobei.html,http://mathprofi.ru/scripts/call.html,
