grafiki_i_svoistva_funkcij.html,0.008155057783256628
kak_naiti_proizvodnuju.html,0.00694838148524686
vektory_dlya_chainikov.html,0.006199642728007541
deistviya_s_matricami.html,0.005835786672378421
mnozhestva.html,0.005413407942452358
linejnaja_nezavisimost_vektorov_bazis_vektorov.html,0.005243787751195377
uravnenie_pryamoi_na_ploskosti.html,0.005204587238337721
kak_reshit_sistemu_uravnenii.html,0.005184175253803312
predely_primery_reshenii.html,0.005140667683543567
proizvodnaya_slozhnoi_funkcii.html,0.0050879167710317485
opredelenie_proizvodnoi_smysl_proizvodnoi.html,0.004922493582543819
pravilo_kramera_matrichnyi_metod.html,0.004883798440740009
tipovye_zadachi_s_proizvodnoi.html,0.004813370890121611
kak_vychislit_opredelitel.html,0.0045815747482631924
zadachi_s_pryamoi_na_ploskosti.html,0.004553845179843717
metod_gaussa_dlya_chainikov.html,0.004532139465321543
vektornoe_proizvedenie_vektorov_smeshannoe_proizvedenie.html,0.004427076999075625
oblast_opredeleniya.html,0.004420475369454641
skaljarnoe_proizvedenie_vektorov.html,0.004411311203921544
chastnye_proizvodnye_primery.html,0.004387097592340314
beskonechno_malye_funkcii_zamechatelnye_ekvivalentnosti.html,0.00436669889670558
kak_naiti_obratnuyu_matricu.html,0.004336788997707815
proizvodnye_neyavnoi_parametricheskoi_funkcii.html,0.004237173334072342
uravnenie_ploskosti.html,0.004234963810915817
nepreryvnost_funkcii_i_tochki_razryva.html,0.004217044966986066
kompleksnye_chisla_dlya_chainikov.html,0.004138023226706923
integraly_primery_reshenij.html,0.004072061365452509
poverhnosti.html,0.004032451924031408
slozhnye_proizvodnye_logarifmicheskaja_proizvodnaja.html,0.004012498127577038
svoistva_opredelitelya_ponizhenie_poryadka_opredelitelya.html,0.004006122300949081
matematika_dlya_chainikov.html,0.003996329656440907
svoistva_operacij_nad_matricami_matrichnye_vyrazheniya.html,0.003922308911185902
metody_resheniya_predelov_neopredelennosti.html,0.003917219485872439
funkcija_dvuh_peremennyh_oblast_opredelenija_linii_urovnja.html,0.003874544641029968
kak_postroit_grafik_funkcii_s_pomoshyu_preobrazovanii.html,0.0038595288163360618
slu_nesovmestnye_sistemy_i_sistemy_s_obshim_resheniem.html,0.003751630077001529
asimptoty_grafika_funkcii.html,0.0037485769800385837
zamechatelnye_predely.html,0.003663039589469944
integrirovanie_drobei.html,0.0036562225793366166
predely_po_koshi.html,0.003644004684750402
slozhnye_predely.html,0.003643418637912469
uravnenija_pryamoi_v_prostranstve.html,0.0036026792874206113
linii_vtorogo_poryadka_ellips_i_okruzhnost.html,0.0035942029979677444
chastnye_proizvodnye_funkcii_treh_peremennyh.html,0.0035765474315674938
vozrastanie_ubyvanie_ekstremumy_funkcii.html,0.003570373968963097
giperbola_i_parabola.html,0.003568404830683648
integraly_ot_drobno_racionalnoj_funkcii.html,0.0035609351075224266
uravnenija_v_vysshei_matematike.html,0.0035042302181432106
rang_matricy.html,0.0034197161061730722
lineinye_neravenstva.html,0.003416119950868798
polnoe_issledovanie_funkcii_i_postroenie_grafika.html,0.003402326334294777
kak_privesti_uravnenie_linii_2_poryadka_k_kanonicheskomu_vidu.html,0.003327999829155761
metod_zameny_peremennoi.html,0.0033256408831361496
delenie_otrezka_v_dannom_otnoshenii.html,0.0033001698341300896
kak_naiti_uravnenie_normali.html,0.0032905911094176996
matrichnye_uravneniya_primery_reshenij.html,0.003278567187152575
osnovy_matematicheskoj_logiki.html,0.003275283541610892
nuli_funkcii_intervaly_znakopostoyanstva_metod_intervalov.html,0.0031759684083031824
proizvodnye_vysshih_porjadkov.html,0.0031701174850546944
linejnye_preobrazovanija.html,0.0031697187687010123
metod_zhordano_gaussa_nahozhdenie_obratnoi_matricy.html,0.003169187535363162
poljarnye_koordinaty.html,0.003147545096220855
zadachi_s_pryamoi_i_ploskostju.html,0.0031341551252417553
integraly_ot_trigonometricheskih_funkcij.html,0.003083262277641727
extremumy_funkcij_dvuh_i_treh_peremennyh.html,0.0030572714111669454
perehod_k_novomu_bazisu.html,0.0030241602167368014
chastnye_proizvodnye_nejavno_zadannoj_funkcii.html,0.0028877656929165536
nepreryvnost_funkcii_dvuh_peremennyh.html,0.002863583208485536
zadachi_s_liniyami_2_poryadka.html,0.0028413189429690347
treugolnaya_piramida.html,0.002839484936141772
odnorodnye_sistemy_lineinyh_uravnenij.html,0.0028393074430683347
proizvodnaja_po_napravleniju_i_gradient.html,0.0028319440604094013
reshenie_systemy_pri_razlichnyh_sposobah_vybora_bazisa.html,0.0028305855553802887
kak_nauchitsa_reshat_zadachi_po_geometrii.html,0.002829287225123298
vypuklost_vognutost_tochki_peregiba_grafika.html,0.0028211486682098185
kvadratichnye_formy.html,0.002796521548502961
vyrazhenija_uravnenija_i_sistemy_s_ kompleksnymi_chislami.html,0.0027946846119277593
predel_posledovatelnosti.html,0.0027903180612346983
integrirovanie_po_chastyam.html,0.0027873366058372394
pravila_lopitalya.html,0.0027753638821510856
predel_funkcii_dvuh_peremennyh.html,0.0027726825773683435
zadachi_s_pryamoi_v_prostranstve.html,0.00275593545618789
naibolshee_i_naimenshee_znacheniya_funkcii_na_otrezke.html,0.002745735212665258
priblizhennye_vychislenija_s_pomoshju_differenciala.html,0.0027383195114331544
formuly_i_zakony_logiki.html,0.002704705221350681
sobstvennye_znachenija_i_sobstvennye_vektory.html,0.002673358518968579
proizvodnye_slozhnyh_funkcij_neskolkih_peremennyh.html,0.002673174904960802
kak_proverit_udovletvorjaet_li_funkcija_uravneniju.html,0.002673174904960802
uslovnye_extremumy.html,0.002657079467566165
metod_ortogonalnogo_preobrazovaniya_kf.html,0.0026496863537173753
proizvodnaya_po_opredeleniju_primery_reshenii.html,0.0026452957020950698
povtornye_predely.html,0.002641687869562933
kak_privesti_kf_k_kanonicheskomu_vidu.html,0.002612402388801252
zadachi_na_minimumy_i_maksimumy.html,0.0026085172298781676
kak_postroit_liniju_v_poljarnoi_sisteme_koordinat.html,0.0026026373400941582
metod_kasatelnyh.html,0.0025730047962113168
naibolshee_i_naimenshee_znachenija_funkcii_v_oblasti.html,0.0025694834411628853
metod_naimenshih_kvadratov.html,0.0025694834411628853
http://mathprofi.ru/,0.0025
kasatelnaja_ploskost_i_normal_k_poverhnosti_v_tochke.html,0.0025
